order_id,date,item_name,item_type,item_price,quantity,transaction_amount,transaction_type,received_by,time_of_sale,Ingredients
1,2022-07-03,Aalopuri,Fastfood,20,23,260,,Mr.,Night,"Potato, Flour, Spices, Oil"
2,2022-08-23,Vadapav,Fastfood,20,25,300,Cash,Mr.,Afternoon,"Potato, Bun, Garlic Chutney, Green Chilli, Oil"
3,2022-11-20,Vadapav,Fastfood,20,1,20,Cash,Mr.,Afternoon,"Potato, Bun, Garlic Chutney, Green Chilli, Oil"
4,2023-02-03,Sugarcane juice,Beverages,25,14,150,Online,Mr.,Night,"Sugarcane, Lemon, Ginger"
5,2022-10-02,Sugarcane juice,Beverages,25,2,200,Online,Mr.,Evening,"Sugarcane, Lemon, Ginger"
6,2022-11-14,Vadapav,Fastfood,20,10,200,Cash,Mr.,Evening,"Potato, Bun, Garlic Chutney, Green Chilli, Oil"
7,2022-05-03,Sugarcane juice,Beverages,25,16,225,Cash,Mr.,Evening,"Sugarcane, Lemon, Ginger"
8,2022-12-22,Panipuri,Fastfood,20,14,280,Online,Mr.,Night,"Flour, Oil, Spices, Seasoning"
9,2022-06-10,Panipuri,Fastfood,20,1,20,Cash,Mrs.,Morning,"Flour, Oil, Spices, Seasoning"
10,2022-09-16,Panipuri,Fastfood,20,5,100,Online,Mr.,Afternoon,"Flour, Oil, Spices, Seasoning"
11,2022-12-01,Frankie,Fastfood,50,8,400,Online,Mrs.,Afternoon,"Flour, Oil, Spices, Seasoning"
12,2022-07-12,Vadapav,Fastfood,20,17,160,Online,Mrs.,Night,"Potato, Bun, Garlic Chutney, Green Chilli, Oil"
13,2022-12-22,Panipuri,Fastfood,20,9,180,Online,Mrs.,Afternoon,"Flour, Oil, Spices, Seasoning"
14,2022-11-25,Frankie,Fastfood,50,4,200,Online,Mr.,Morning,"Flour, Oil, Spices, Seasoning"
15,2023-02-03,Aalopuri,Fastfood,20,1,60,Cash,Mrs.,Evening,"Potato, Flour, Spices, Oil"
16,2022-04-14,Sandwich,Fastfood,60,11,660,,Mrs.,Midnight,"Bread, Butter, Lettuce, Tomato, Cheese, Mayonnaise"
17,2022-10-16,Panipuri,Fastfood,20,11,220,Cash,Mrs.,Morning,"Flour, Oil, Spices, Seasoning"
18,2022-11-05,Panipuri,Fastfood,20,10,200,Cash,Mrs.,Night,"Flour, Oil, Spices, Seasoning"
19,2022-08-22,Panipuri,Fastfood,20,11,220,Cash,Mrs.,Night,"Flour, Oil, Spices, Seasoning"
20,2022-09-15,Cold coffee,Beverages,40,10,400,Online,Mr.,Night,"Flour, Oil, Spices, Seasoning"
21,2022-12-21,Cold coffee,Beverages,40,15,600,Cash,Mr.,Evening,"Flour, Oil, Spices, Seasoning"
22,2022-10-04,Sugarcane juice,Beverages,25,2,300,Online,Mr.,Evening,"Sugarcane, Lemon, Ginger"
23,2022-05-26,Sandwich,Fastfood,60,3,180,Online,Mr.,Midnight,"Bread, Butter, Lettuce, Tomato, Cheese, Mayonnaise"
24,2023-02-11,Sugarcane juice,Beverages,25,15,250,Online,Mr.,Afternoon,"Sugarcane, Lemon, Ginger"
25,2022-08-31,Sandwich,Fastfood,60,1,60,Online,Mrs.,Evening,"Bread, Butter, Lettuce, Tomato, Cheese, Mayonnaise"
26,2022-08-18,Sugarcane juice,Beverages,25,1,100,Cash,Mr.,Afternoon,"Sugarcane, Lemon, Ginger"
27,2022-10-12,Cold coffee,Beverages,40,11,440,Online,Mrs.,Afternoon,"Flour, Oil, Spices, Seasoning"
28,2023-01-06,Cold coffee,Beverages,40,10,400,Online,Mrs.,Afternoon,"Flour, Oil, Spices, Seasoning"
29,2023-02-10,Sugarcane juice,Beverages,25,19,225,Online,Mr.,Afternoon,"Sugarcane, Lemon, Ginger"
30,2023-01-28,Frankie,Fastfood,50,2,100,Cash,Mrs.,Night,"Flour, Oil, Spices, Seasoning"
31,2022-09-14,Cold coffee,Beverages,40,13,520,Online,Mrs.,Evening,"Flour, Oil, Spices, Seasoning"
32,2022-05-06,Aalopuri,Fastfood,20,4,80,,Mr.,Morning,"Potato, Flour, Spices, Oil"
33,2023-02-05,Aalopuri,Fastfood,20,7,260,Online,Mr.,Night,"Potato, Flour, Spices, Oil"
34,2023-02-04,Frankie,Fastfood,50,12,600,Online,Mrs.,Evening,"Flour, Oil, Spices, Seasoning"
35,2022-05-22,Vadapav,Fastfood,20,8,160,Cash,Mr.,Morning,"Potato, Bun, Garlic Chutney, Green Chilli, Oil"
36,2022-07-02,Cold coffee,Beverages,40,10,400,Online,Mr.,Afternoon,"Flour, Oil, Spices, Seasoning"
37,2023-01-05,Frankie,Fastfood,50,10,500,Cash,Mr.,Night,"Flour, Oil, Spices, Seasoning"
38,2023-03-08,Panipuri,Fastfood,20,12,240,Online,Mrs.,Night,"Flour, Oil, Spices, Seasoning"
39,2022-05-14,Vadapav,Fastfood,20,2,40,Online,Mr.,Evening,"Potato, Bun, Garlic Chutney, Green Chilli, Oil"
40,2023-02-05,Sandwich,Fastfood,60,5,300,Online,Mrs.,Night,"Bread, Butter, Lettuce, Tomato, Cheese, Mayonnaise"
41,2022-11-13,Cold coffee,Beverages,40,11,440,,Mr.,Afternoon,"Flour, Oil, Spices, Seasoning"
42,2022-05-09,Aalopuri,Fastfood,20,8,160,Online,Mrs.,Night,"Potato, Flour, Spices, Oil"
43,2022-05-26,Vadapav,Fastfood,20,1,20,Cash,Mr.,Night,"Potato, Bun, Garlic Chutney, Green Chilli, Oil"
44,2022-08-28,Cold coffee,Beverages,40,12,480,Cash,Mr.,Evening,"Flour, Oil, Spices, Seasoning"
45,2022-08-15,Sugarcane juice,Beverages,25,1,150,Cash,Mrs.,Afternoon,"Sugarcane, Lemon, Ginger"
46,2022-05-07,Vadapav,Fastfood,20,7,140,Cash,Mr.,Evening,"Potato, Bun, Garlic Chutney, Green Chilli, Oil"
47,2022-07-10,Sandwich,Fastfood,60,7,420,,Mr.,Morning,"Bread, Butter, Lettuce, Tomato, Cheese, Mayonnaise"
48,2023-02-23,Sandwich,Fastfood,60,14,840,Online,Mr.,Afternoon,"Bread, Butter, Lettuce, Tomato, Cheese, Mayonnaise"
49,2022-11-06,Frankie,Fastfood,50,4,200,Online,Mrs.,Morning,"Flour, Oil, Spices, Seasoning"
50,2022-11-02,Vadapav,Fastfood,20,8,160,Cash,Mrs.,Midnight,"Potato, Bun, Garlic Chutney, Green Chilli, Oil"
51,2022-05-16,Frankie,Fastfood,50,15,750,Online,Mrs.,Morning,"Flour, Oil, Spices, Seasoning"
52,2023-03-16,Sugarcane juice,Beverages,25,12,300,Cash,Mrs.,Midnight,"Sugarcane, Lemon, Ginger"
53,2022-07-26,Aalopuri,Fastfood,20,21,260,Cash,Mr.,Afternoon,"Potato, Flour, Spices, Oil"
54,2022-12-28,Panipuri,Fastfood,20,14,280,Online,Mrs.,Morning,"Flour, Oil, Spices, Seasoning"
55,2022-05-07,Sandwich,Fastfood,60,10,600,Cash,Mr.,Night,"Bread, Butter, Lettuce, Tomato, Cheese, Mayonnaise"
56,2022-11-23,Panipuri,Fastfood,20,11,220,Cash,Mrs.,Midnight,"Flour, Oil, Spices, Seasoning"
57,2022-08-04,Panipuri,Fastfood,20,14,280,Online,Mrs.,Morning,"Flour, Oil, Spices, Seasoning"
58,2023-02-03,Vadapav,Fastfood,20,3,120,Online,Mrs.,Morning,"Potato, Bun, Garlic Chutney, Green Chilli, Oil"
59,2022-07-01,Vadapav,Fastfood,20,14,100,Cash,Mr.,Morning,"Potato, Bun, Garlic Chutney, Green Chilli, Oil"
60,2022-06-11,Cold coffee,Beverages,40,2,80,Online,Mr.,Night,"Flour, Oil, Spices, Seasoning"
61,2022-12-25,Vadapav,Fastfood,20,10,280,Cash,Mrs.,Afternoon,"Potato, Bun, Garlic Chutney, Green Chilli, Oil"
62,2022-10-17,Sugarcane juice,Beverages,25,1,75,Cash,Mr.,Afternoon,"Sugarcane, Lemon, Ginger"
63,2022-12-01,Sandwich,Fastfood,60,7,420,Online,Mrs.,Morning,"Bread, Butter, Lettuce, Tomato, Cheese, Mayonnaise"
64,2022-12-09,Cold coffee,Beverages,40,1,40,Cash,Mr.,Morning,"Flour, Oil, Spices, Seasoning"
65,2022-07-25,Aalopuri,Fastfood,20,11,80,Cash,Mr.,Morning,"Potato, Flour, Spices, Oil"
66,2022-04-05,Frankie,Fastfood,50,2,100,Cash,Mrs.,Morning,"Flour, Oil, Spices, Seasoning"
67,2022-05-15,Aalopuri,Fastfood,20,9,180,Cash,Mr.,Midnight,"Potato, Flour, Spices, Oil"
68,2022-12-17,Cold coffee,Beverages,40,2,80,,Mr.,Night,"Flour, Oil, Spices, Seasoning"
69,2023-01-10,Vadapav,Fastfood,20,2,140,Cash,Mr.,Midnight,"Potato, Bun, Garlic Chutney, Green Chilli, Oil"
70,2022-05-09,Cold coffee,Beverages,40,14,560,,Mrs.,Morning,"Flour, Oil, Spices, Seasoning"
71,2022-12-05,Cold coffee,Beverages,40,6,240,Online,Mr.,Night,"Flour, Oil, Spices, Seasoning"
72,2023-03-09,Frankie,Fastfood,50,13,650,Online,Mr.,Afternoon,"Flour, Oil, Spices, Seasoning"
73,2022-07-29,Panipuri,Fastfood,20,5,100,Cash,Mr.,Midnight,"Flour, Oil, Spices, Seasoning"
74,2022-08-15,Cold coffee,Beverages,40,10,400,Online,Mrs.,Evening,"Flour, Oil, Spices, Seasoning"
75,2023-02-02,Cold coffee,Beverages,40,6,240,Online,Mrs.,Afternoon,"Flour, Oil, Spices, Seasoning"
76,2022-08-17,Vadapav,Fastfood,20,14,180,Online,Mr.,Morning,"Potato, Bun, Garlic Chutney, Green Chilli, Oil"
77,2023-02-04,Sugarcane juice,Beverages,25,22,300,Cash,Mrs.,Midnight,"Sugarcane, Lemon, Ginger"
78,2022-10-01,Vadapav,Fastfood,20,4,80,Cash,Mrs.,Evening,"Potato, Bun, Garlic Chutney, Green Chilli, Oil"
79,2022-11-05,Panipuri,Fastfood,20,6,120,Online,Mr.,Night,"Flour, Oil, Spices, Seasoning"
80,2022-05-24,Frankie,Fastfood,50,13,650,Cash,Mr.,Evening,"Flour, Oil, Spices, Seasoning"
81,2022-11-19,Frankie,Fastfood,50,12,600,Online,Mrs.,Night,"Flour, Oil, Spices, Seasoning"
82,2022-07-17,Frankie,Fastfood,50,3,150,Online,Mrs.,Evening,"Flour, Oil, Spices, Seasoning"
83,2022-11-13,Frankie,Fastfood,50,11,550,,Mr.,Evening,"Flour, Oil, Spices, Seasoning"
84,2023-03-03,Panipuri,Fastfood,20,13,260,Cash,Mr.,Midnight,"Flour, Oil, Spices, Seasoning"
85,2022-08-19,Aalopuri,Fastfood,20,11,60,Online,Mrs.,Night,"Potato, Flour, Spices, Oil"
86,2023-03-09,Aalopuri,Fastfood,20,15,300,Cash,Mr.,Morning,"Potato, Flour, Spices, Oil"
87,2022-05-29,Aalopuri,Fastfood,20,8,160,Cash,Mr.,Night,"Potato, Flour, Spices, Oil"
88,2022-07-07,Cold coffee,Beverages,40,10,400,Cash,Mr.,Evening,"Flour, Oil, Spices, Seasoning"
89,2022-12-23,Aalopuri,Fastfood,20,11,280,Cash,Mr.,Evening,"Potato, Flour, Spices, Oil"
90,2022-10-29,Vadapav,Fastfood,20,15,300,Online,Mr.,Night,"Potato, Bun, Garlic Chutney, Green Chilli, Oil"
91,2023-03-22,Cold coffee,Beverages,40,6,240,,Mrs.,Evening,"Flour, Oil, Spices, Seasoning"
92,2022-05-13,Aalopuri,Fastfood,20,15,300,Cash,Mr.,Afternoon,"Potato, Flour, Spices, Oil"
93,2022-07-03,Cold coffee,Beverages,40,2,80,Online,Mrs.,Midnight,"Flour, Oil, Spices, Seasoning"
94,2022-09-14,Aalopuri,Fastfood,20,15,300,,Mrs.,Night,"Potato, Flour, Spices, Oil"
95,2022-05-12,Sugarcane juice,Beverages,25,19,200,Online,Mr.,Night,"Sugarcane, Lemon, Ginger"
96,2022-08-22,Sandwich,Fastfood,60,15,900,,Mr.,Morning,"Bread, Butter, Lettuce, Tomato, Cheese, Mayonnaise"
97,2023-03-29,Cold coffee,Beverages,40,13,520,Online,Mr.,Evening,"Flour, Oil, Spices, Seasoning"
98,2022-12-24,Vadapav,Fastfood,20,1,20,Online,Mr.,Morning,"Potato, Bun, Garlic Chutney, Green Chilli, Oil"
99,2022-09-11,Sugarcane juice,Beverages,25,1,75,Cash,Mr.,Evening,"Sugarcane, Lemon, Ginger"
100,2022-05-08,Panipuri,Fastfood,20,11,220,,Mr.,Morning,"Flour, Oil, Spices, Seasoning"
101,2023-03-26,Vadapav,Fastfood,20,3,60,Online,Mrs.,Morning,"Potato, Bun, Garlic Chutney, Green Chilli, Oil"
102,2023-03-13,Cold coffee,Beverages,40,14,560,Cash,Mr.,Morning,"Flour, Oil, Spices, Seasoning"
103,2023-03-14,Cold coffee,Beverages,40,8,320,Online,Mrs.,Midnight,"Flour, Oil, Spices, Seasoning"
104,2022-10-27,Cold coffee,Beverages,40,13,520,Online,Mr.,Morning,"Flour, Oil, Spices, Seasoning"
105,2023-01-25,Panipuri,Fastfood,20,8,160,Cash,Mrs.,Evening,"Flour, Oil, Spices, Seasoning"
106,2023-02-25,Frankie,Fastfood,50,9,450,Cash,Mrs.,Evening,"Flour, Oil, Spices, Seasoning"
107,2023-02-07,Sandwich,Fastfood,60,4,240,Online,Mr.,Afternoon,"Bread, Butter, Lettuce, Tomato, Cheese, Mayonnaise"
108,2022-08-06,Panipuri,Fastfood,20,5,100,Online,Mr.,Afternoon,"Flour, Oil, Spices, Seasoning"
109,2022-08-08,Cold coffee,Beverages,40,12,480,,Mr.,Afternoon,"Flour, Oil, Spices, Seasoning"
110,2022-11-16,Panipuri,Fastfood,20,2,40,Online,Mrs.,Morning,"Flour, Oil, Spices, Seasoning"
111,2022-09-04,Sandwich,Fastfood,60,8,480,Cash,Mrs.,Midnight,"Bread, Butter, Lettuce, Tomato, Cheese, Mayonnaise"
112,2023-02-24,Sandwich,Fastfood,60,7,420,Cash,Mr.,Morning,"Bread, Butter, Lettuce, Tomato, Cheese, Mayonnaise"
113,2022-12-12,Aalopuri,Fastfood,20,2,160,Cash,Mr.,Afternoon,"Potato, Flour, Spices, Oil"
114,2022-08-14,Aalopuri,Fastfood,20,19,200,Online,Mr.,Afternoon,"Potato, Flour, Spices, Oil"
115,2023-01-12,Aalopuri,Fastfood,20,9,260,,Mr.,Evening,"Potato, Flour, Spices, Oil"
116,2022-08-26,Sugarcane juice,Beverages,25,2,325,Cash,Mr.,Evening,"Sugarcane, Lemon, Ginger"
117,2023-03-09,Frankie,Fastfood,50,7,350,Online,Mrs.,Evening,"Flour, Oil, Spices, Seasoning"
118,2022-07-06,Sandwich,Fastfood,60,1,60,Online,Mr.,Midnight,"Bread, Butter, Lettuce, Tomato, Cheese, Mayonnaise"
119,2022-05-12,Panipuri,Fastfood,20,10,200,Cash,Mr.,Evening,"Flour, Oil, Spices, Seasoning"
120,2022-07-10,Frankie,Fastfood,50,2,100,Cash,Mrs.,Evening,"Flour, Oil, Spices, Seasoning"
121,2022-08-26,Cold coffee,Beverages,40,8,320,Cash,Mr.,Afternoon,"Flour, Oil, Spices, Seasoning"
122,2022-04-24,Panipuri,Fastfood,20,3,60,,Mrs.,Night,"Flour, Oil, Spices, Seasoning"
123,2022-06-09,Cold coffee,Beverages,40,6,240,Online,Mr.,Evening,"Flour, Oil, Spices, Seasoning"
124,2022-10-14,Sugarcane juice,Beverages,25,5,325,,Mrs.,Evening,"Sugarcane, Lemon, Ginger"
125,2022-04-10,Vadapav,Fastfood,20,7,140,Cash,Mrs.,Midnight,"Potato, Bun, Garlic Chutney, Green Chilli, Oil"
126,2022-04-08,Panipuri,Fastfood,20,11,220,Online,Mrs.,Night,"Flour, Oil, Spices, Seasoning"
127,2022-12-03,Aalopuri,Fastfood,20,1,20,,Mrs.,Morning,"Potato, Flour, Spices, Oil"
128,2022-08-07,Vadapav,Fastfood,20,19,220,Online,Mr.,Midnight,"Potato, Bun, Garlic Chutney, Green Chilli, Oil"
129,2022-10-19,Panipuri,Fastfood,20,13,260,Cash,Mrs.,Morning,"Flour, Oil, Spices, Seasoning"
130,2022-12-28,Sugarcane juice,Beverages,25,15,175,Cash,Mr.,Night,"Sugarcane, Lemon, Ginger"
131,2023-01-19,Sandwich,Fastfood,60,8,480,Cash,Mr.,Night,"Bread, Butter, Lettuce, Tomato, Cheese, Mayonnaise"
132,2022-12-05,Vadapav,Fastfood,20,1,80,Online,Mrs.,Night,"Potato, Bun, Garlic Chutney, Green Chilli, Oil"
133,2022-12-20,Aalopuri,Fastfood,20,1,100,Online,Mr.,Midnight,"Potato, Flour, Spices, Oil"
134,2022-07-17,Aalopuri,Fastfood,20,22,240,Online,Mrs.,Night,"Potato, Flour, Spices, Oil"
135,2023-01-14,Aalopuri,Fastfood,20,5,160,Online,Mr.,Midnight,"Potato, Flour, Spices, Oil"
136,2022-08-24,Aalopuri,Fastfood,20,20,300,Online,Mr.,Morning,"Potato, Flour, Spices, Oil"
137,2023-03-19,Sugarcane juice,Beverages,25,6,150,,Mr.,Afternoon,"Sugarcane, Lemon, Ginger"
138,2022-09-01,Sandwich,Fastfood,60,15,900,Online,Mr.,Night,"Bread, Butter, Lettuce, Tomato, Cheese, Mayonnaise"
139,2023-02-26,Frankie,Fastfood,50,11,550,Online,Mrs.,Night,"Flour, Oil, Spices, Seasoning"
140,2022-06-12,Frankie,Fastfood,50,13,650,Cash,Mr.,Night,"Flour, Oil, Spices, Seasoning"
141,2022-06-15,Aalopuri,Fastfood,20,14,80,,Mr.,Evening,"Potato, Flour, Spices, Oil"
142,2022-12-30,Sugarcane juice,Beverages,25,21,300,Cash,Mrs.,Morning,"Sugarcane, Lemon, Ginger"
143,2022-09-18,Frankie,Fastfood,50,8,400,,Mrs.,Afternoon,"Flour, Oil, Spices, Seasoning"
144,2022-11-17,Panipuri,Fastfood,20,10,200,Cash,Mrs.,Evening,"Flour, Oil, Spices, Seasoning"
145,2022-10-09,Sandwich,Fastfood,60,14,840,Online,Mr.,Morning,"Bread, Butter, Lettuce, Tomato, Cheese, Mayonnaise"
146,2022-10-28,Frankie,Fastfood,50,4,200,,Mrs.,Afternoon,"Flour, Oil, Spices, Seasoning"
147,2022-05-17,Panipuri,Fastfood,20,7,140,Online,Mr.,Evening,"Flour, Oil, Spices, Seasoning"
148,2023-03-19,Sandwich,Fastfood,60,13,780,Online,Mr.,Evening,"Bread, Butter, Lettuce, Tomato, Cheese, Mayonnaise"
149,2022-08-09,Sandwich,Fastfood,60,7,420,Online,Mr.,Morning,"Bread, Butter, Lettuce, Tomato, Cheese, Mayonnaise"
150,2023-01-30,Cold coffee,Beverages,40,14,560,Cash,Mr.,Afternoon,"Flour, Oil, Spices, Seasoning"
151,2022-07-10,Frankie,Fastfood,50,13,650,Online,Mrs.,Morning,"Flour, Oil, Spices, Seasoning"
152,2022-10-24,Cold coffee,Beverages,40,9,360,Online,Mr.,Afternoon,"Flour, Oil, Spices, Seasoning"
153,2022-07-21,Panipuri,Fastfood,20,1,20,Cash,Mrs.,Evening,"Flour, Oil, Spices, Seasoning"
154,2022-12-13,Vadapav,Fastfood,20,1,60,Cash,Mr.,Night,"Potato, Bun, Garlic Chutney, Green Chilli, Oil"
155,2023-02-07,Sugarcane juice,Beverages,25,15,250,Cash,Mrs.,Evening,"Sugarcane, Lemon, Ginger"
156,2023-03-25,Panipuri,Fastfood,20,14,280,Cash,Mr.,Midnight,"Flour, Oil, Spices, Seasoning"
157,2023-02-24,Frankie,Fastfood,50,7,350,Online,Mrs.,Midnight,"Flour, Oil, Spices, Seasoning"
158,2022-05-16,Aalopuri,Fastfood,20,2,40,,Mr.,Midnight,"Potato, Flour, Spices, Oil"
159,2022-10-03,Sugarcane juice,Beverages,25,1,25,Online,Mrs.,Afternoon,"Sugarcane, Lemon, Ginger"
160,2022-07-23,Vadapav,Fastfood,20,18,200,Online,Mr.,Night,"Potato, Bun, Garlic Chutney, Green Chilli, Oil"
161,2023-01-19,Sugarcane juice,Beverages,25,19,300,Cash,Mr.,Evening,"Sugarcane, Lemon, Ginger"
162,2022-05-07,Aalopuri,Fastfood,20,11,220,Cash,Mr.,Midnight,"Potato, Flour, Spices, Oil"
163,2023-01-06,Frankie,Fastfood,50,6,300,Online,Mrs.,Midnight,"Flour, Oil, Spices, Seasoning"
164,2022-08-10,Sugarcane juice,Beverages,25,1,175,Online,Mr.,Afternoon,"Sugarcane, Lemon, Ginger"
165,2023-01-05,Sandwich,Fastfood,60,11,660,Cash,Mr.,Midnight,"Bread, Butter, Lettuce, Tomato, Cheese, Mayonnaise"
166,2022-06-01,Panipuri,Fastfood,20,6,120,Cash,Mrs.,Evening,"Flour, Oil, Spices, Seasoning"
167,2023-02-23,Cold coffee,Beverages,40,6,240,Cash,Mrs.,Morning,"Flour, Oil, Spices, Seasoning"
168,2022-04-19,Sandwich,Fastfood,60,4,240,Cash,Mrs.,Midnight,"Bread, Butter, Lettuce, Tomato, Cheese, Mayonnaise"
169,2022-06-20,Vadapav,Fastfood,20,13,120,Cash,Mr.,Morning,"Potato, Bun, Garlic Chutney, Green Chilli, Oil"
170,2023-02-13,Aalopuri,Fastfood,20,1,120,,Mrs.,Afternoon,"Potato, Flour, Spices, Oil"
171,2023-03-02,Vadapav,Fastfood,20,11,220,Cash,Mrs.,Midnight,"Potato, Bun, Garlic Chutney, Green Chilli, Oil"
172,2022-08-27,Sugarcane juice,Beverages,25,1,150,Online,Mrs.,Night,"Sugarcane, Lemon, Ginger"
173,2023-01-20,Cold coffee,Beverages,40,2,80,Online,Mr.,Night,"Flour, Oil, Spices, Seasoning"
174,2022-09-03,Aalopuri,Fastfood,20,2,40,Online,Mr.,Evening,"Potato, Flour, Spices, Oil"
175,2022-10-17,Frankie,Fastfood,50,12,600,Cash,Mrs.,Afternoon,"Flour, Oil, Spices, Seasoning"
176,2022-08-04,Panipuri,Fastfood,20,1,20,Cash,Mrs.,Midnight,"Flour, Oil, Spices, Seasoning"
177,2022-07-21,Panipuri,Fastfood,20,11,220,Online,Mrs.,Morning,"Flour, Oil, Spices, Seasoning"
178,2022-12-09,Aalopuri,Fastfood,20,1,40,Cash,Mrs.,Morning,"Potato, Flour, Spices, Oil"
179,2023-03-03,Sugarcane juice,Beverages,25,5,125,,Mrs.,Midnight,"Sugarcane, Lemon, Ginger"
180,2022-12-01,Vadapav,Fastfood,20,1,120,Online,Mrs.,Afternoon,"Potato, Bun, Garlic Chutney, Green Chilli, Oil"
181,2022-06-09,Cold coffee,Beverages,40,7,280,Cash,Mrs.,Night,"Flour, Oil, Spices, Seasoning"
182,2022-07-02,Cold coffee,Beverages,40,1,40,Cash,Mr.,Midnight,"Flour, Oil, Spices, Seasoning"
183,2022-07-10,Sugarcane juice,Beverages,25,18,125,Cash,Mrs.,Midnight,"Sugarcane, Lemon, Ginger"
184,2023-01-03,Cold coffee,Beverages,40,8,320,Cash,Mr.,Night,"Flour, Oil, Spices, Seasoning"
185,2023-01-13,Sugarcane juice,Beverages,25,22,375,,Mr.,Night,"Sugarcane, Lemon, Ginger"
186,2023-03-15,Frankie,Fastfood,50,2,100,Online,Mr.,Afternoon,"Flour, Oil, Spices, Seasoning"
187,2022-10-11,Aalopuri,Fastfood,20,15,300,Cash,Mrs.,Morning,"Potato, Flour, Spices, Oil"
188,2022-12-28,Panipuri,Fastfood,20,14,280,Cash,Mrs.,Night,"Flour, Oil, Spices, Seasoning"
189,2023-02-08,Vadapav,Fastfood,20,6,240,Online,Mr.,Afternoon,"Potato, Bun, Garlic Chutney, Green Chilli, Oil"
190,2022-04-26,Cold coffee,Beverages,40,1,40,Online,Mr.,Evening,"Flour, Oil, Spices, Seasoning"
191,2022-05-20,Sugarcane juice,Beverages,25,27,350,Cash,Mrs.,Morning,"Sugarcane, Lemon, Ginger"
192,2022-10-26,Vadapav,Fastfood,20,2,40,Online,Mr.,Night,"Potato, Bun, Garlic Chutney, Green Chilli, Oil"
193,2023-02-05,Cold coffee,Beverages,40,15,600,Online,Mrs.,Midnight,"Flour, Oil, Spices, Seasoning"
194,2022-12-15,Vadapav,Fastfood,20,1,80,Cash,Mrs.,Morning,"Potato, Bun, Garlic Chutney, Green Chilli, Oil"
195,2022-04-23,Sandwich,Fastfood,60,4,240,Cash,Mrs.,Night,"Bread, Butter, Lettuce, Tomato, Cheese, Mayonnaise"
196,2022-06-25,Sandwich,Fastfood,60,3,180,Cash,Mr.,Evening,"Bread, Butter, Lettuce, Tomato, Cheese, Mayonnaise"
197,2022-11-08,Panipuri,Fastfood,20,10,200,Cash,Mrs.,Midnight,"Flour, Oil, Spices, Seasoning"
198,2023-01-05,Frankie,Fastfood,50,15,750,Cash,Mr.,Morning,"Flour, Oil, Spices, Seasoning"
199,2023-02-01,Frankie,Fastfood,50,6,300,Online,Mrs.,Morning,"Flour, Oil, Spices, Seasoning"
200,2022-12-25,Cold coffee,Beverages,40,10,400,Cash,Mrs.,Morning,"Flour, Oil, Spices, Seasoning"
201,2022-06-30,Panipuri,Fastfood,20,8,160,Cash,Mr.,Morning,"Flour, Oil, Spices, Seasoning"
202,2022-09-21,Aalopuri,Fastfood,20,9,180,Cash,Mr.,Afternoon,"Potato, Flour, Spices, Oil"
203,2022-04-11,Vadapav,Fastfood,20,6,120,Online,Mrs.,Midnight,"Potato, Bun, Garlic Chutney, Green Chilli, Oil"
204,2022-10-24,Cold coffee,Beverages,40,7,280,Cash,Mrs.,Evening,"Flour, Oil, Spices, Seasoning"
205,2022-10-17,Vadapav,Fastfood,20,4,80,,Mr.,Afternoon,"Potato, Bun, Garlic Chutney, Green Chilli, Oil"
206,2022-07-27,Aalopuri,Fastfood,20,10,80,Cash,Mr.,Night,"Potato, Flour, Spices, Oil"
207,2023-02-20,Cold coffee,Beverages,40,8,320,Online,Mrs.,Evening,"Flour, Oil, Spices, Seasoning"
208,2022-08-26,Cold coffee,Beverages,40,13,520,Cash,Mrs.,Midnight,"Flour, Oil, Spices, Seasoning"
209,2022-12-04,Aalopuri,Fastfood,20,1,40,Cash,Mr.,Night,"Potato, Flour, Spices, Oil"
210,2023-01-02,Sugarcane juice,Beverages,25,23,375,,Mr.,Night,"Sugarcane, Lemon, Ginger"
211,2022-04-18,Aalopuri,Fastfood,20,12,240,Cash,Mr.,Morning,"Potato, Flour, Spices, Oil"
212,2022-05-05,Cold coffee,Beverages,40,12,480,Online,Mrs.,Morning,"Flour, Oil, Spices, Seasoning"
213,2022-09-29,Vadapav,Fastfood,20,3,60,,Mrs.,Midnight,"Potato, Bun, Garlic Chutney, Green Chilli, Oil"
214,2022-12-03,Sugarcane juice,Beverages,25,20,350,Online,Mr.,Evening,"Sugarcane, Lemon, Ginger"
215,2022-12-10,Sugarcane juice,Beverages,25,15,175,,Mrs.,Morning,"Sugarcane, Lemon, Ginger"
216,2023-03-07,Panipuri,Fastfood,20,9,180,Cash,Mrs.,Afternoon,"Flour, Oil, Spices, Seasoning"
217,2023-03-23,Cold coffee,Beverages,40,10,400,Cash,Mr.,Morning,"Flour, Oil, Spices, Seasoning"
218,2022-12-23,Cold coffee,Beverages,40,13,520,Online,Mrs.,Midnight,"Flour, Oil, Spices, Seasoning"
219,2022-10-01,Aalopuri,Fastfood,20,9,180,Cash,Mrs.,Evening,"Potato, Flour, Spices, Oil"
220,2022-05-13,Sugarcane juice,Beverages,25,10,25,Cash,Mr.,Afternoon,"Sugarcane, Lemon, Ginger"
221,2023-03-26,Sandwich,Fastfood,60,1,60,Online,Mr.,Evening,"Bread, Butter, Lettuce, Tomato, Cheese, Mayonnaise"
222,2022-09-11,Sandwich,Fastfood,60,6,360,Cash,Mrs.,Morning,"Bread, Butter, Lettuce, Tomato, Cheese, Mayonnaise"
223,2022-09-21,Panipuri,Fastfood,20,13,260,Online,Mr.,Night,"Flour, Oil, Spices, Seasoning"
224,2023-03-23,Sugarcane juice,Beverages,25,14,350,Cash,Mr.,Afternoon,"Sugarcane, Lemon, Ginger"
225,2023-03-16,Frankie,Fastfood,50,11,550,Cash,Mrs.,Evening,"Flour, Oil, Spices, Seasoning"
226,2022-12-12,Aalopuri,Fastfood,20,6,260,Online,Mrs.,Afternoon,"Potato, Flour, Spices, Oil"
227,2022-11-17,Cold coffee,Beverages,40,5,200,Cash,Mrs.,Afternoon,"Flour, Oil, Spices, Seasoning"
228,2022-11-05,Panipuri,Fastfood,20,8,160,Online,Mr.,Night,"Flour, Oil, Spices, Seasoning"
229,2022-12-15,Panipuri,Fastfood,20,7,140,,Mr.,Evening,"Flour, Oil, Spices, Seasoning"
230,2022-04-16,Frankie,Fastfood,50,6,300,Online,Mr.,Afternoon,"Flour, Oil, Spices, Seasoning"
231,2022-04-16,Sugarcane juice,Beverages,25,3,75,,Mr.,Night,"Sugarcane, Lemon, Ginger"
232,2022-04-23,Vadapav,Fastfood,20,13,260,Cash,Mrs.,Night,"Potato, Bun, Garlic Chutney, Green Chilli, Oil"
233,2022-07-31,Panipuri,Fastfood,20,5,100,Cash,Mr.,Morning,"Flour, Oil, Spices, Seasoning"
234,2022-07-27,Panipuri,Fastfood,20,10,200,Cash,Mr.,Midnight,"Flour, Oil, Spices, Seasoning"
235,2022-11-29,Sandwich,Fastfood,60,10,600,Cash,Mrs.,Afternoon,"Bread, Butter, Lettuce, Tomato, Cheese, Mayonnaise"
236,2022-06-26,Vadapav,Fastfood,20,18,240,,Mrs.,Evening,"Potato, Bun, Garlic Chutney, Green Chilli, Oil"
237,2022-11-08,Panipuri,Fastfood,20,13,260,Cash,Mrs.,Midnight,"Flour, Oil, Spices, Seasoning"
238,2022-04-26,Vadapav,Fastfood,20,13,260,Cash,Mr.,Morning,"Potato, Bun, Garlic Chutney, Green Chilli, Oil"
239,2022-12-04,Frankie,Fastfood,50,4,200,Online,Mr.,Evening,"Flour, Oil, Spices, Seasoning"
240,2022-12-11,Sandwich,Fastfood,60,10,600,Cash,Mrs.,Morning,"Bread, Butter, Lettuce, Tomato, Cheese, Mayonnaise"
241,2022-06-06,Sugarcane juice,Beverages,25,15,50,Cash,Mr.,Afternoon,"Sugarcane, Lemon, Ginger"
242,2022-12-23,Cold coffee,Beverages,40,4,160,Online,Mrs.,Midnight,"Flour, Oil, Spices, Seasoning"
243,2022-11-12,Panipuri,Fastfood,20,5,100,Cash,Mrs.,Midnight,"Flour, Oil, Spices, Seasoning"
244,2022-11-22,Sandwich,Fastfood,60,10,600,Online,Mrs.,Midnight,"Bread, Butter, Lettuce, Tomato, Cheese, Mayonnaise"
245,2022-10-03,Vadapav,Fastfood,20,2,40,Cash,Mrs.,Morning,"Potato, Bun, Garlic Chutney, Green Chilli, Oil"
246,2022-11-16,Vadapav,Fastfood,20,10,200,Cash,Mr.,Afternoon,"Potato, Bun, Garlic Chutney, Green Chilli, Oil"
247,2022-10-03,Sugarcane juice,Beverages,25,1,150,,Mr.,Midnight,"Sugarcane, Lemon, Ginger"
248,2022-04-17,Frankie,Fastfood,50,5,250,Online,Mrs.,Midnight,"Flour, Oil, Spices, Seasoning"
249,2022-10-26,Sugarcane juice,Beverages,25,1,75,Online,Mrs.,Afternoon,"Sugarcane, Lemon, Ginger"
250,2022-11-15,Sugarcane juice,Beverages,25,6,150,Online,Mrs.,Midnight,"Sugarcane, Lemon, Ginger"
251,2022-12-21,Cold coffee,Beverages,40,13,520,,Mrs.,Afternoon,"Flour, Oil, Spices, Seasoning"
252,2023-03-26,Vadapav,Fastfood,20,8,160,Online,Mr.,Midnight,"Potato, Bun, Garlic Chutney, Green Chilli, Oil"
253,2022-06-18,Sugarcane juice,Beverages,25,20,325,Online,Mr.,Afternoon,"Sugarcane, Lemon, Ginger"
254,2022-10-09,Cold coffee,Beverages,40,12,480,,Mrs.,Afternoon,"Flour, Oil, Spices, Seasoning"
255,2022-04-30,Vadapav,Fastfood,20,7,140,,Mrs.,Afternoon,"Potato, Bun, Garlic Chutney, Green Chilli, Oil"
256,2023-03-16,Aalopuri,Fastfood,20,3,60,Online,Mrs.,Midnight,"Potato, Flour, Spices, Oil"
257,2023-01-03,Sandwich,Fastfood,60,10,600,Cash,Mrs.,Midnight,"Bread, Butter, Lettuce, Tomato, Cheese, Mayonnaise"
258,2022-09-06,Vadapav,Fastfood,20,14,280,Cash,Mr.,Midnight,"Potato, Bun, Garlic Chutney, Green Chilli, Oil"
259,2022-11-18,Sandwich,Fastfood,60,4,240,Online,Mr.,Morning,"Bread, Butter, Lettuce, Tomato, Cheese, Mayonnaise"
260,2022-09-10,Sugarcane juice,Beverages,25,1,50,Online,Mrs.,Night,"Sugarcane, Lemon, Ginger"
261,2023-01-11,Frankie,Fastfood,50,9,450,Cash,Mrs.,Midnight,"Flour, Oil, Spices, Seasoning"
262,2023-03-05,Vadapav,Fastfood,20,5,100,,Mrs.,Evening,"Potato, Bun, Garlic Chutney, Green Chilli, Oil"
263,2022-06-19,Panipuri,Fastfood,20,2,40,Cash,Mr.,Evening,"Flour, Oil, Spices, Seasoning"
264,2022-07-18,Sugarcane juice,Beverages,25,21,300,Online,Mr.,Morning,"Sugarcane, Lemon, Ginger"
265,2022-08-15,Vadapav,Fastfood,20,11,120,Cash,Mr.,Midnight,"Potato, Bun, Garlic Chutney, Green Chilli, Oil"
266,2022-10-02,Frankie,Fastfood,50,10,500,Online,Mrs.,Night,"Flour, Oil, Spices, Seasoning"
267,2023-03-05,Vadapav,Fastfood,20,1,20,Cash,Mr.,Morning,"Potato, Bun, Garlic Chutney, Green Chilli, Oil"
268,2023-02-05,Cold coffee,Beverages,40,12,480,Cash,Mrs.,Midnight,"Flour, Oil, Spices, Seasoning"
269,2022-12-22,Panipuri,Fastfood,20,2,40,,Mrs.,Midnight,"Flour, Oil, Spices, Seasoning"
270,2022-09-07,Sandwich,Fastfood,60,13,780,Cash,Mr.,Evening,"Bread, Butter, Lettuce, Tomato, Cheese, Mayonnaise"
271,2022-05-03,Vadapav,Fastfood,20,13,260,Cash,Mr.,Evening,"Potato, Bun, Garlic Chutney, Green Chilli, Oil"
272,2022-07-29,Frankie,Fastfood,50,5,250,Online,Mrs.,Night,"Flour, Oil, Spices, Seasoning"
273,2022-08-15,Panipuri,Fastfood,20,15,300,Cash,Mr.,Midnight,"Flour, Oil, Spices, Seasoning"
274,2023-01-04,Sugarcane juice,Beverages,25,16,250,Online,Mr.,Night,"Sugarcane, Lemon, Ginger"
275,2023-02-04,Vadapav,Fastfood,20,11,300,Online,Mr.,Night,"Potato, Bun, Garlic Chutney, Green Chilli, Oil"
276,2022-09-30,Sugarcane juice,Beverages,25,1,150,Cash,Mr.,Midnight,"Sugarcane, Lemon, Ginger"
277,2022-12-08,Cold coffee,Beverages,40,13,520,Cash,Mrs.,Midnight,"Flour, Oil, Spices, Seasoning"
278,2022-06-19,Frankie,Fastfood,50,6,300,Online,Mrs.,Night,"Flour, Oil, Spices, Seasoning"
279,2022-09-14,Vadapav,Fastfood,20,15,300,Cash,Mrs.,Afternoon,"Potato, Bun, Garlic Chutney, Green Chilli, Oil"
280,2022-10-09,Panipuri,Fastfood,20,14,280,Online,Mrs.,Evening,"Flour, Oil, Spices, Seasoning"
281,2022-08-09,Sandwich,Fastfood,60,3,180,Cash,Mrs.,Afternoon,"Bread, Butter, Lettuce, Tomato, Cheese, Mayonnaise"
282,2022-05-16,Vadapav,Fastfood,20,13,260,,Mrs.,Morning,"Potato, Bun, Garlic Chutney, Green Chilli, Oil"
283,2022-07-02,Panipuri,Fastfood,20,2,40,Cash,Mrs.,Midnight,"Flour, Oil, Spices, Seasoning"
284,2023-01-29,Frankie,Fastfood,50,7,350,,Mr.,Afternoon,"Flour, Oil, Spices, Seasoning"
285,2022-06-28,Aalopuri,Fastfood,20,11,60,,Mr.,Night,"Potato, Flour, Spices, Oil"
286,2022-12-14,Vadapav,Fastfood,20,1,120,,Mr.,Night,"Potato, Bun, Garlic Chutney, Green Chilli, Oil"
287,2022-08-06,Aalopuri,Fastfood,20,12,60,Cash,Mr.,Morning,"Potato, Flour, Spices, Oil"
288,2022-08-22,Sandwich,Fastfood,60,7,420,Cash,Mr.,Night,"Bread, Butter, Lettuce, Tomato, Cheese, Mayonnaise"
289,2022-11-28,Aalopuri,Fastfood,20,7,140,Online,Mrs.,Midnight,"Potato, Flour, Spices, Oil"
290,2022-05-03,Panipuri,Fastfood,20,7,140,Cash,Mrs.,Morning,"Flour, Oil, Spices, Seasoning"
291,2023-01-27,Frankie,Fastfood,50,8,400,Online,Mrs.,Night,"Flour, Oil, Spices, Seasoning"
292,2023-01-16,Frankie,Fastfood,50,2,100,Cash,Mrs.,Midnight,"Flour, Oil, Spices, Seasoning"
293,2022-04-21,Panipuri,Fastfood,20,8,160,Online,Mrs.,Morning,"Flour, Oil, Spices, Seasoning"
294,2022-09-23,Aalopuri,Fastfood,20,1,20,Cash,Mrs.,Evening,"Potato, Flour, Spices, Oil"
295,2022-07-21,Sandwich,Fastfood,60,7,420,Cash,Mr.,Midnight,"Bread, Butter, Lettuce, Tomato, Cheese, Mayonnaise"
296,2023-02-06,Panipuri,Fastfood,20,7,140,Cash,Mrs.,Afternoon,"Flour, Oil, Spices, Seasoning"
297,2022-04-30,Sandwich,Fastfood,60,10,600,Online,Mr.,Evening,"Bread, Butter, Lettuce, Tomato, Cheese, Mayonnaise"
298,2022-07-19,Sugarcane juice,Beverages,25,17,225,Cash,Mrs.,Afternoon,"Sugarcane, Lemon, Ginger"
299,2022-07-22,Aalopuri,Fastfood,20,6,20,Online,Mrs.,Evening,"Potato, Flour, Spices, Oil"
300,2022-06-27,Aalopuri,Fastfood,20,14,160,Cash,Mr.,Afternoon,"Potato, Flour, Spices, Oil"
301,2023-01-28,Panipuri,Fastfood,20,7,140,Cash,Mr.,Night,"Flour, Oil, Spices, Seasoning"
302,2023-03-21,Aalopuri,Fastfood,20,14,280,Cash,Mr.,Night,"Potato, Flour, Spices, Oil"
303,2022-07-02,Sugarcane juice,Beverages,25,6,25,Cash,Mrs.,Midnight,"Sugarcane, Lemon, Ginger"
304,2022-05-28,Vadapav,Fastfood,20,15,300,Online,Mr.,Morning,"Potato, Bun, Garlic Chutney, Green Chilli, Oil"
305,2023-03-05,Panipuri,Fastfood,20,4,80,,Mrs.,Morning,"Flour, Oil, Spices, Seasoning"
306,2023-03-03,Cold coffee,Beverages,40,8,320,Online,Mrs.,Morning,"Flour, Oil, Spices, Seasoning"
307,2023-02-13,Vadapav,Fastfood,20,3,160,Cash,Mr.,Evening,"Potato, Bun, Garlic Chutney, Green Chilli, Oil"
308,2022-12-17,Sandwich,Fastfood,60,13,780,Online,Mr.,Evening,"Bread, Butter, Lettuce, Tomato, Cheese, Mayonnaise"
309,2022-10-14,Sandwich,Fastfood,60,8,480,Online,Mr.,Evening,"Bread, Butter, Lettuce, Tomato, Cheese, Mayonnaise"
310,2022-04-25,Vadapav,Fastfood,20,4,80,Cash,Mr.,Afternoon,"Potato, Bun, Garlic Chutney, Green Chilli, Oil"
311,2022-07-31,Frankie,Fastfood,50,7,350,,Mrs.,Morning,"Flour, Oil, Spices, Seasoning"
312,2022-12-28,Cold coffee,Beverages,40,1,40,Cash,Mrs.,Night,"Flour, Oil, Spices, Seasoning"
313,2022-04-19,Cold coffee,Beverages,40,1,40,Cash,Mr.,Midnight,"Flour, Oil, Spices, Seasoning"
314,2023-02-27,Frankie,Fastfood,50,8,400,Online,Mrs.,Morning,"Flour, Oil, Spices, Seasoning"
315,2023-02-20,Cold coffee,Beverages,40,13,520,Online,Mrs.,Afternoon,"Flour, Oil, Spices, Seasoning"
316,2022-11-02,Frankie,Fastfood,50,4,200,Online,Mr.,Morning,"Flour, Oil, Spices, Seasoning"
317,2023-03-10,Aalopuri,Fastfood,20,12,240,Online,Mrs.,Afternoon,"Potato, Flour, Spices, Oil"
318,2022-12-21,Aalopuri,Fastfood,20,6,200,Online,Mrs.,Midnight,"Potato, Flour, Spices, Oil"
319,2022-06-30,Frankie,Fastfood,50,15,750,Cash,Mr.,Afternoon,"Flour, Oil, Spices, Seasoning"
320,2023-03-18,Sugarcane juice,Beverages,25,7,175,Cash,Mrs.,Afternoon,"Sugarcane, Lemon, Ginger"
321,2023-02-08,Frankie,Fastfood,50,12,600,Cash,Mrs.,Evening,"Flour, Oil, Spices, Seasoning"
322,2022-05-05,Cold coffee,Beverages,40,11,440,Cash,Mr.,Morning,"Flour, Oil, Spices, Seasoning"
323,2022-12-29,Aalopuri,Fastfood,20,1,80,Cash,Mr.,Morning,"Potato, Flour, Spices, Oil"
324,2022-07-18,Sugarcane juice,Beverages,25,29,375,Online,Mrs.,Night,"Sugarcane, Lemon, Ginger"
325,2023-03-02,Aalopuri,Fastfood,20,12,240,,Mrs.,Afternoon,"Potato, Flour, Spices, Oil"
326,2022-05-03,Sandwich,Fastfood,60,8,480,Cash,Mr.,Evening,"Bread, Butter, Lettuce, Tomato, Cheese, Mayonnaise"
327,2022-11-29,Frankie,Fastfood,50,15,750,Cash,Mrs.,Midnight,"Flour, Oil, Spices, Seasoning"
328,2022-06-16,Vadapav,Fastfood,20,9,60,Online,Mr.,Evening,"Potato, Bun, Garlic Chutney, Green Chilli, Oil"
329,2023-01-10,Panipuri,Fastfood,20,7,140,Online,Mrs.,Afternoon,"Flour, Oil, Spices, Seasoning"
330,2022-09-22,Panipuri,Fastfood,20,8,160,,Mr.,Morning,"Flour, Oil, Spices, Seasoning"
331,2022-08-21,Panipuri,Fastfood,20,4,80,Online,Mrs.,Evening,"Flour, Oil, Spices, Seasoning"
332,2023-02-17,Aalopuri,Fastfood,20,1,40,,Mrs.,Afternoon,"Potato, Flour, Spices, Oil"
333,2022-10-30,Sugarcane juice,Beverages,25,1,275,Cash,Mrs.,Afternoon,"Sugarcane, Lemon, Ginger"
334,2022-04-04,Cold coffee,Beverages,40,4,160,Cash,Mrs.,Evening,"Flour, Oil, Spices, Seasoning"
335,2022-10-24,Cold coffee,Beverages,40,11,440,Cash,Mr.,Night,"Flour, Oil, Spices, Seasoning"
336,2022-09-03,Sugarcane juice,Beverages,25,5,325,,Mrs.,Midnight,"Sugarcane, Lemon, Ginger"
337,2022-10-15,Aalopuri,Fastfood,20,14,280,Online,Mrs.,Midnight,"Potato, Flour, Spices, Oil"
338,2022-05-06,Sugarcane juice,Beverages,25,17,300,Cash,Mr.,Morning,"Sugarcane, Lemon, Ginger"
339,2023-02-16,Sugarcane juice,Beverages,25,10,25,,Mrs.,Midnight,"Sugarcane, Lemon, Ginger"
340,2022-06-02,Cold coffee,Beverages,40,4,160,Cash,Mrs.,Evening,"Flour, Oil, Spices, Seasoning"
341,2023-03-19,Frankie,Fastfood,50,9,450,Cash,Mrs.,Evening,"Flour, Oil, Spices, Seasoning"
342,2023-03-11,Vadapav,Fastfood,20,7,140,Online,Mr.,Afternoon,"Potato, Bun, Garlic Chutney, Green Chilli, Oil"
343,2023-01-18,Sugarcane juice,Beverages,25,10,125,Cash,Mr.,Afternoon,"Sugarcane, Lemon, Ginger"
344,2022-05-13,Cold coffee,Beverages,40,14,560,Cash,Mr.,Night,"Flour, Oil, Spices, Seasoning"
345,2022-05-09,Panipuri,Fastfood,20,14,280,Online,Mrs.,Night,"Flour, Oil, Spices, Seasoning"
346,2023-01-31,Cold coffee,Beverages,40,12,480,Cash,Mr.,Morning,"Flour, Oil, Spices, Seasoning"
347,2022-06-24,Frankie,Fastfood,50,7,350,Cash,Mrs.,Afternoon,"Flour, Oil, Spices, Seasoning"
348,2022-09-19,Vadapav,Fastfood,20,1,20,Online,Mrs.,Midnight,"Potato, Bun, Garlic Chutney, Green Chilli, Oil"
349,2022-08-17,Panipuri,Fastfood,20,5,100,Cash,Mrs.,Evening,"Flour, Oil, Spices, Seasoning"
350,2022-09-21,Cold coffee,Beverages,40,8,320,Online,Mrs.,Morning,"Flour, Oil, Spices, Seasoning"
351,2022-07-08,Frankie,Fastfood,50,5,250,Online,Mrs.,Night,"Flour, Oil, Spices, Seasoning"
352,2022-05-25,Frankie,Fastfood,50,11,550,Cash,Mrs.,Night,"Flour, Oil, Spices, Seasoning"
353,2022-05-18,Vadapav,Fastfood,20,4,80,Online,Mrs.,Midnight,"Potato, Bun, Garlic Chutney, Green Chilli, Oil"
354,2023-01-16,Panipuri,Fastfood,20,14,280,Online,Mr.,Midnight,"Flour, Oil, Spices, Seasoning"
355,2023-03-15,Cold coffee,Beverages,40,4,160,Online,Mr.,Midnight,"Flour, Oil, Spices, Seasoning"
356,2022-05-26,Sugarcane juice,Beverages,25,19,350,Cash,Mrs.,Night,"Sugarcane, Lemon, Ginger"
357,2022-09-21,Sandwich,Fastfood,60,9,540,Online,Mrs.,Afternoon,"Bread, Butter, Lettuce, Tomato, Cheese, Mayonnaise"
358,2022-10-27,Aalopuri,Fastfood,20,6,120,Cash,Mr.,Night,"Potato, Flour, Spices, Oil"
359,2022-08-27,Aalopuri,Fastfood,20,20,260,Online,Mrs.,Night,"Potato, Flour, Spices, Oil"
360,2022-10-06,Cold coffee,Beverages,40,2,80,Online,Mrs.,Midnight,"Flour, Oil, Spices, Seasoning"
361,2022-06-30,Sandwich,Fastfood,60,15,900,,Mrs.,Night,"Bread, Butter, Lettuce, Tomato, Cheese, Mayonnaise"
362,2022-12-30,Sugarcane juice,Beverages,25,12,50,Cash,Mr.,Morning,"Sugarcane, Lemon, Ginger"
363,2022-05-09,Frankie,Fastfood,50,9,450,Online,Mr.,Afternoon,"Flour, Oil, Spices, Seasoning"
364,2022-10-11,Cold coffee,Beverages,40,2,80,Online,Mr.,Night,"Flour, Oil, Spices, Seasoning"
365,2022-07-08,Panipuri,Fastfood,20,10,200,Online,Mr.,Night,"Flour, Oil, Spices, Seasoning"
366,2022-11-30,Sugarcane juice,Beverages,25,10,250,Online,Mrs.,Afternoon,"Sugarcane, Lemon, Ginger"
367,2022-08-10,Panipuri,Fastfood,20,6,120,,Mr.,Afternoon,"Flour, Oil, Spices, Seasoning"
368,2022-08-31,Cold coffee,Beverages,40,2,80,Cash,Mr.,Night,"Flour, Oil, Spices, Seasoning"
369,2022-07-03,Sandwich,Fastfood,60,2,120,Online,Mrs.,Evening,"Bread, Butter, Lettuce, Tomato, Cheese, Mayonnaise"
370,2022-05-28,Panipuri,Fastfood,20,5,100,,Mrs.,Midnight,"Flour, Oil, Spices, Seasoning"
371,2022-10-18,Vadapav,Fastfood,20,5,100,Online,Mrs.,Night,"Potato, Bun, Garlic Chutney, Green Chilli, Oil"
372,2022-11-19,Frankie,Fastfood,50,12,600,,Mr.,Morning,"Flour, Oil, Spices, Seasoning"
373,2022-05-08,Sugarcane juice,Beverages,25,19,300,Cash,Mrs.,Midnight,"Sugarcane, Lemon, Ginger"
374,2022-07-24,Frankie,Fastfood,50,10,500,Online,Mr.,Midnight,"Flour, Oil, Spices, Seasoning"
375,2022-11-17,Panipuri,Fastfood,20,13,260,Cash,Mr.,Evening,"Flour, Oil, Spices, Seasoning"
376,2022-12-04,Frankie,Fastfood,50,15,750,Cash,Mr.,Midnight,"Flour, Oil, Spices, Seasoning"
377,2022-05-20,Sugarcane juice,Beverages,25,15,75,Online,Mrs.,Evening,"Sugarcane, Lemon, Ginger"
378,2022-04-24,Vadapav,Fastfood,20,2,40,Cash,Mrs.,Midnight,"Potato, Bun, Garlic Chutney, Green Chilli, Oil"
379,2023-02-15,Cold coffee,Beverages,40,14,560,,Mr.,Afternoon,"Flour, Oil, Spices, Seasoning"
380,2022-10-20,Sandwich,Fastfood,60,5,300,Online,Mrs.,Afternoon,"Bread, Butter, Lettuce, Tomato, Cheese, Mayonnaise"
381,2023-02-26,Vadapav,Fastfood,20,1,20,Online,Mr.,Morning,"Potato, Bun, Garlic Chutney, Green Chilli, Oil"
382,2022-08-16,Cold coffee,Beverages,40,9,360,Cash,Mrs.,Night,"Flour, Oil, Spices, Seasoning"
383,2022-05-06,Aalopuri,Fastfood,20,7,140,Online,Mrs.,Morning,"Potato, Flour, Spices, Oil"
384,2022-10-22,Sugarcane juice,Beverages,25,1,25,Online,Mr.,Afternoon,"Sugarcane, Lemon, Ginger"
385,2022-04-25,Vadapav,Fastfood,20,5,100,Cash,Mr.,Morning,"Potato, Bun, Garlic Chutney, Green Chilli, Oil"
386,2022-11-23,Frankie,Fastfood,50,5,250,Online,Mr.,Midnight,"Flour, Oil, Spices, Seasoning"
387,2023-03-17,Sugarcane juice,Beverages,25,14,350,Cash,Mrs.,Midnight,"Sugarcane, Lemon, Ginger"
388,2022-10-09,Sandwich,Fastfood,60,14,840,Cash,Mr.,Evening,"Bread, Butter, Lettuce, Tomato, Cheese, Mayonnaise"
389,2022-12-22,Sandwich,Fastfood,60,12,720,Cash,Mrs.,Evening,"Bread, Butter, Lettuce, Tomato, Cheese, Mayonnaise"
390,2022-06-18,Sugarcane juice,Beverages,25,19,125,,Mr.,Midnight,"Sugarcane, Lemon, Ginger"
391,2022-04-21,Aalopuri,Fastfood,20,1,20,Online,Mrs.,Night,"Potato, Flour, Spices, Oil"
392,2022-09-18,Aalopuri,Fastfood,20,15,300,Online,Mr.,Night,"Potato, Flour, Spices, Oil"
393,2022-07-02,Sugarcane juice,Beverages,25,25,250,Online,Mrs.,Evening,"Sugarcane, Lemon, Ginger"
394,2022-04-03,Sandwich,Fastfood,60,1,60,Cash,Mrs.,Morning,"Bread, Butter, Lettuce, Tomato, Cheese, Mayonnaise"
395,2023-01-31,Sandwich,Fastfood,60,3,180,Cash,Mrs.,Evening,"Bread, Butter, Lettuce, Tomato, Cheese, Mayonnaise"
396,2022-10-31,Frankie,Fastfood,50,15,750,Online,Mr.,Morning,"Flour, Oil, Spices, Seasoning"
397,2022-07-06,Aalopuri,Fastfood,20,11,40,Online,Mrs.,Afternoon,"Potato, Flour, Spices, Oil"
398,2023-01-13,Panipuri,Fastfood,20,6,120,Online,Mr.,Evening,"Flour, Oil, Spices, Seasoning"
399,2022-06-24,Panipuri,Fastfood,20,9,180,Cash,Mrs.,Evening,"Flour, Oil, Spices, Seasoning"
400,2023-03-04,Cold coffee,Beverages,40,15,600,Cash,Mrs.,Morning,"Flour, Oil, Spices, Seasoning"
401,2022-10-11,Sugarcane juice,Beverages,25,2,200,Online,Mrs.,Midnight,"Sugarcane, Lemon, Ginger"
402,2023-03-19,Frankie,Fastfood,50,7,350,Cash,Mr.,Night,"Flour, Oil, Spices, Seasoning"
403,2022-09-25,Cold coffee,Beverages,40,3,120,Online,Mrs.,Midnight,"Flour, Oil, Spices, Seasoning"
404,2022-11-26,Frankie,Fastfood,50,7,350,Cash,Mrs.,Midnight,"Flour, Oil, Spices, Seasoning"
405,2022-12-13,Sugarcane juice,Beverages,25,17,250,Cash,Mr.,Night,"Sugarcane, Lemon, Ginger"
406,2022-10-13,Cold coffee,Beverages,40,4,160,Online,Mrs.,Afternoon,"Flour, Oil, Spices, Seasoning"
407,2023-01-02,Sugarcane juice,Beverages,25,10,50,Cash,Mr.,Evening,"Sugarcane, Lemon, Ginger"
408,2022-10-05,Vadapav,Fastfood,20,4,80,Online,Mr.,Midnight,"Potato, Bun, Garlic Chutney, Green Chilli, Oil"
409,2022-09-15,Aalopuri,Fastfood,20,9,180,Cash,Mrs.,Morning,"Potato, Flour, Spices, Oil"
410,2022-11-23,Aalopuri,Fastfood,20,15,300,Online,Mr.,Afternoon,"Potato, Flour, Spices, Oil"
411,2022-11-20,Panipuri,Fastfood,20,12,240,Cash,Mr.,Afternoon,"Flour, Oil, Spices, Seasoning"
412,2023-03-09,Sugarcane juice,Beverages,25,14,350,,Mr.,Afternoon,"Sugarcane, Lemon, Ginger"
413,2022-04-03,Aalopuri,Fastfood,20,10,200,Online,Mrs.,Midnight,"Potato, Flour, Spices, Oil"
414,2023-01-21,Cold coffee,Beverages,40,13,520,,Mr.,Night,"Flour, Oil, Spices, Seasoning"
415,2022-12-05,Vadapav,Fastfood,20,5,160,Online,Mr.,Evening,"Potato, Bun, Garlic Chutney, Green Chilli, Oil"
416,2022-08-05,Sandwich,Fastfood,60,9,540,,Mr.,Morning,"Bread, Butter, Lettuce, Tomato, Cheese, Mayonnaise"
417,2023-01-16,Panipuri,Fastfood,20,3,60,Cash,Mr.,Evening,"Flour, Oil, Spices, Seasoning"
418,2022-11-12,Cold coffee,Beverages,40,7,280,Online,Mr.,Night,"Flour, Oil, Spices, Seasoning"
419,2022-10-08,Sugarcane juice,Beverages,25,5,350,,Mrs.,Midnight,"Sugarcane, Lemon, Ginger"
420,2023-01-30,Frankie,Fastfood,50,13,650,Online,Mrs.,Evening,"Flour, Oil, Spices, Seasoning"
421,2023-03-24,Cold coffee,Beverages,40,2,80,Online,Mr.,Midnight,"Flour, Oil, Spices, Seasoning"
422,2022-08-02,Cold coffee,Beverages,40,7,280,Online,Mr.,Evening,"Flour, Oil, Spices, Seasoning"
423,2022-10-21,Frankie,Fastfood,50,7,350,Cash,Mrs.,Night,"Flour, Oil, Spices, Seasoning"
424,2022-04-21,Sugarcane juice,Beverages,25,9,225,Online,Mrs.,Midnight,"Sugarcane, Lemon, Ginger"
425,2022-08-17,Panipuri,Fastfood,20,14,280,Online,Mr.,Afternoon,"Flour, Oil, Spices, Seasoning"
426,2023-01-20,Frankie,Fastfood,50,14,700,Cash,Mr.,Midnight,"Flour, Oil, Spices, Seasoning"
427,2022-05-21,Sandwich,Fastfood,60,2,120,Online,Mr.,Afternoon,"Bread, Butter, Lettuce, Tomato, Cheese, Mayonnaise"
428,2022-12-24,Sugarcane juice,Beverages,25,13,200,Online,Mr.,Afternoon,"Sugarcane, Lemon, Ginger"
429,2022-09-19,Cold coffee,Beverages,40,3,120,Online,Mr.,Night,"Flour, Oil, Spices, Seasoning"
430,2022-11-05,Sandwich,Fastfood,60,4,240,Online,Mr.,Night,"Bread, Butter, Lettuce, Tomato, Cheese, Mayonnaise"
431,2023-03-16,Panipuri,Fastfood,20,6,120,Online,Mr.,Evening,"Flour, Oil, Spices, Seasoning"
432,2023-03-27,Panipuri,Fastfood,20,6,120,Online,Mr.,Afternoon,"Flour, Oil, Spices, Seasoning"
433,2022-05-27,Panipuri,Fastfood,20,14,280,Online,Mrs.,Evening,"Flour, Oil, Spices, Seasoning"
434,2022-08-21,Aalopuri,Fastfood,20,19,240,Cash,Mr.,Morning,"Potato, Flour, Spices, Oil"
435,2022-05-08,Sandwich,Fastfood,60,1,60,Cash,Mrs.,Afternoon,"Bread, Butter, Lettuce, Tomato, Cheese, Mayonnaise"
436,2023-01-05,Frankie,Fastfood,50,10,500,Cash,Mr.,Midnight,"Flour, Oil, Spices, Seasoning"
437,2022-08-31,Cold coffee,Beverages,40,1,40,,Mr.,Morning,"Flour, Oil, Spices, Seasoning"
438,2022-06-20,Cold coffee,Beverages,40,5,200,Online,Mr.,Morning,"Flour, Oil, Spices, Seasoning"
439,2022-09-30,Frankie,Fastfood,50,13,650,Online,Mr.,Afternoon,"Flour, Oil, Spices, Seasoning"
440,2022-11-28,Aalopuri,Fastfood,20,7,140,Cash,Mr.,Afternoon,"Potato, Flour, Spices, Oil"
441,2022-11-02,Aalopuri,Fastfood,20,1,20,Online,Mrs.,Midnight,"Potato, Flour, Spices, Oil"
442,2022-08-22,Sugarcane juice,Beverages,25,1,175,Online,Mrs.,Night,"Sugarcane, Lemon, Ginger"
443,2022-09-05,Sugarcane juice,Beverages,25,6,300,Cash,Mrs.,Night,"Sugarcane, Lemon, Ginger"
444,2022-09-28,Frankie,Fastfood,50,4,200,,Mr.,Evening,"Flour, Oil, Spices, Seasoning"
445,2022-10-22,Sandwich,Fastfood,60,14,840,Online,Mrs.,Morning,"Bread, Butter, Lettuce, Tomato, Cheese, Mayonnaise"
446,2022-08-31,Cold coffee,Beverages,40,9,360,Cash,Mr.,Night,"Flour, Oil, Spices, Seasoning"
447,2023-01-17,Frankie,Fastfood,50,6,300,Online,Mrs.,Afternoon,"Flour, Oil, Spices, Seasoning"
448,2022-07-27,Vadapav,Fastfood,20,12,120,Cash,Mrs.,Evening,"Potato, Bun, Garlic Chutney, Green Chilli, Oil"
449,2022-09-09,Frankie,Fastfood,50,4,200,Cash,Mr.,Afternoon,"Flour, Oil, Spices, Seasoning"
450,2022-05-20,Sugarcane juice,Beverages,25,8,25,Online,Mr.,Morning,"Sugarcane, Lemon, Ginger"
451,2023-03-15,Sugarcane juice,Beverages,25,10,250,Cash,Mrs.,Midnight,"Sugarcane, Lemon, Ginger"
452,2022-12-25,Frankie,Fastfood,50,5,250,Online,Mr.,Afternoon,"Flour, Oil, Spices, Seasoning"
453,2022-10-20,Sandwich,Fastfood,60,1,60,Online,Mrs.,Midnight,"Bread, Butter, Lettuce, Tomato, Cheese, Mayonnaise"
454,2023-03-07,Sandwich,Fastfood,60,1,60,Online,Mrs.,Evening,"Bread, Butter, Lettuce, Tomato, Cheese, Mayonnaise"
455,2023-03-01,Cold coffee,Beverages,40,11,440,Cash,Mr.,Midnight,"Flour, Oil, Spices, Seasoning"
456,2022-12-31,Cold coffee,Beverages,40,13,520,,Mrs.,Night,"Flour, Oil, Spices, Seasoning"
457,2022-10-16,Cold coffee,Beverages,40,11,440,Cash,Mr.,Evening,"Flour, Oil, Spices, Seasoning"
458,2022-09-12,Sugarcane juice,Beverages,25,1,200,Cash,Mrs.,Midnight,"Sugarcane, Lemon, Ginger"
459,2022-06-08,Vadapav,Fastfood,20,23,280,Cash,Mr.,Night,"Potato, Bun, Garlic Chutney, Green Chilli, Oil"
460,2022-11-20,Aalopuri,Fastfood,20,2,40,Cash,Mr.,Morning,"Potato, Flour, Spices, Oil"
461,2022-07-22,Sugarcane juice,Beverages,25,18,125,Cash,Mr.,Midnight,"Sugarcane, Lemon, Ginger"
462,2022-04-24,Vadapav,Fastfood,20,3,60,Cash,Mr.,Morning,"Potato, Bun, Garlic Chutney, Green Chilli, Oil"
463,2022-06-11,Sandwich,Fastfood,60,6,360,Online,Mr.,Midnight,"Bread, Butter, Lettuce, Tomato, Cheese, Mayonnaise"
464,2022-10-18,Sugarcane juice,Beverages,25,8,325,Cash,Mr.,Morning,"Sugarcane, Lemon, Ginger"
465,2023-01-15,Sugarcane juice,Beverages,25,20,300,Online,Mr.,Evening,"Sugarcane, Lemon, Ginger"
466,2023-01-11,Panipuri,Fastfood,20,6,120,Cash,Mr.,Evening,"Flour, Oil, Spices, Seasoning"
467,2022-10-17,Aalopuri,Fastfood,20,11,220,Online,Mr.,Morning,"Potato, Flour, Spices, Oil"
468,2022-09-08,Panipuri,Fastfood,20,2,40,Cash,Mr.,Evening,"Flour, Oil, Spices, Seasoning"
469,2022-05-15,Sandwich,Fastfood,60,7,420,Online,Mrs.,Morning,"Bread, Butter, Lettuce, Tomato, Cheese, Mayonnaise"
470,2022-09-29,Vadapav,Fastfood,20,8,160,Cash,Mrs.,Morning,"Potato, Bun, Garlic Chutney, Green Chilli, Oil"
471,2023-02-13,Panipuri,Fastfood,20,7,140,Cash,Mrs.,Afternoon,"Flour, Oil, Spices, Seasoning"
472,2023-01-11,Panipuri,Fastfood,20,10,200,,Mr.,Midnight,"Flour, Oil, Spices, Seasoning"
473,2022-09-04,Sandwich,Fastfood,60,5,300,Cash,Mrs.,Evening,"Bread, Butter, Lettuce, Tomato, Cheese, Mayonnaise"
474,2022-08-28,Sugarcane juice,Beverages,25,3,375,Cash,Mrs.,Night,"Sugarcane, Lemon, Ginger"
475,2023-02-24,Cold coffee,Beverages,40,6,240,Cash,Mrs.,Night,"Flour, Oil, Spices, Seasoning"
476,2023-02-02,Aalopuri,Fastfood,20,3,200,Cash,Mr.,Morning,"Potato, Flour, Spices, Oil"
477,2023-02-13,Sandwich,Fastfood,60,15,900,Cash,Mrs.,Midnight,"Bread, Butter, Lettuce, Tomato, Cheese, Mayonnaise"
478,2022-12-27,Sugarcane juice,Beverages,25,19,225,Cash,Mrs.,Afternoon,"Sugarcane, Lemon, Ginger"
479,2023-02-13,Sandwich,Fastfood,60,11,660,Cash,Mrs.,Afternoon,"Bread, Butter, Lettuce, Tomato, Cheese, Mayonnaise"
480,2022-10-02,Vadapav,Fastfood,20,12,240,Cash,Mr.,Evening,"Potato, Bun, Garlic Chutney, Green Chilli, Oil"
481,2022-10-29,Sugarcane juice,Beverages,25,1,100,Cash,Mr.,Evening,"Sugarcane, Lemon, Ginger"
482,2023-01-31,Aalopuri,Fastfood,20,1,20,Online,Mr.,Afternoon,"Potato, Flour, Spices, Oil"
483,2022-04-27,Panipuri,Fastfood,20,9,180,Cash,Mrs.,Morning,"Flour, Oil, Spices, Seasoning"
484,2023-03-21,Cold coffee,Beverages,40,5,200,Cash,Mrs.,Afternoon,"Flour, Oil, Spices, Seasoning"
485,2023-02-26,Aalopuri,Fastfood,20,1,120,Cash,Mrs.,Midnight,"Potato, Flour, Spices, Oil"
486,2023-02-14,Vadapav,Fastfood,20,1,120,Cash,Mrs.,Midnight,"Potato, Bun, Garlic Chutney, Green Chilli, Oil"
487,2022-05-27,Sandwich,Fastfood,60,9,540,Cash,Mrs.,Midnight,"Bread, Butter, Lettuce, Tomato, Cheese, Mayonnaise"
488,2022-09-21,Cold coffee,Beverages,40,10,400,Cash,Mr.,Midnight,"Flour, Oil, Spices, Seasoning"
489,2023-02-03,Frankie,Fastfood,50,13,650,Online,Mrs.,Evening,"Flour, Oil, Spices, Seasoning"
490,2022-12-26,Cold coffee,Beverages,40,8,320,Cash,Mr.,Morning,"Flour, Oil, Spices, Seasoning"
491,2022-05-31,Vadapav,Fastfood,20,2,40,Online,Mrs.,Midnight,"Potato, Bun, Garlic Chutney, Green Chilli, Oil"
492,2022-07-11,Sandwich,Fastfood,60,15,900,Cash,Mr.,Afternoon,"Bread, Butter, Lettuce, Tomato, Cheese, Mayonnaise"
493,2022-10-02,Cold coffee,Beverages,40,2,80,Online,Mr.,Morning,"Flour, Oil, Spices, Seasoning"
494,2023-01-14,Cold coffee,Beverages,40,10,400,Cash,Mrs.,Night,"Flour, Oil, Spices, Seasoning"
495,2022-10-20,Aalopuri,Fastfood,20,13,260,Online,Mrs.,Midnight,"Potato, Flour, Spices, Oil"
496,2022-11-07,Cold coffee,Beverages,40,10,400,Online,Mrs.,Night,"Flour, Oil, Spices, Seasoning"
497,2023-01-25,Sandwich,Fastfood,60,7,420,Cash,Mr.,Midnight,"Bread, Butter, Lettuce, Tomato, Cheese, Mayonnaise"
498,2022-06-16,Frankie,Fastfood,50,1,50,Cash,Mr.,Midnight,"Flour, Oil, Spices, Seasoning"
499,2022-07-27,Sandwich,Fastfood,60,8,480,Online,Mrs.,Evening,"Bread, Butter, Lettuce, Tomato, Cheese, Mayonnaise"
500,2022-04-08,Vadapav,Fastfood,20,4,80,Online,Mrs.,Midnight,"Potato, Bun, Garlic Chutney, Green Chilli, Oil"
501,2022-08-09,Sugarcane juice,Beverages,25,9,350,Online,Mrs.,Afternoon,"Sugarcane, Lemon, Ginger"
502,2023-01-04,Panipuri,Fastfood,20,13,260,Online,Mr.,Night,"Flour, Oil, Spices, Seasoning"
503,2022-11-04,Aalopuri,Fastfood,20,13,260,Cash,Mrs.,Morning,"Potato, Flour, Spices, Oil"
504,2022-12-09,Cold coffee,Beverages,40,8,320,Cash,Mr.,Evening,"Flour, Oil, Spices, Seasoning"
505,2023-02-12,Frankie,Fastfood,50,4,200,Cash,Mr.,Night,"Flour, Oil, Spices, Seasoning"
506,2022-12-26,Cold coffee,Beverages,40,12,480,Cash,Mrs.,Midnight,"Flour, Oil, Spices, Seasoning"
507,2022-12-14,Aalopuri,Fastfood,20,7,280,Online,Mrs.,Morning,"Potato, Flour, Spices, Oil"
508,2022-12-10,Sandwich,Fastfood,60,1,60,Cash,Mr.,Night,"Bread, Butter, Lettuce, Tomato, Cheese, Mayonnaise"
509,2022-10-26,Vadapav,Fastfood,20,11,220,Online,Mr.,Evening,"Potato, Bun, Garlic Chutney, Green Chilli, Oil"
510,2022-04-04,Sandwich,Fastfood,60,14,840,Online,Mr.,Afternoon,"Bread, Butter, Lettuce, Tomato, Cheese, Mayonnaise"
511,2022-08-02,Panipuri,Fastfood,20,4,80,Cash,Mrs.,Night,"Flour, Oil, Spices, Seasoning"
512,2023-01-11,Panipuri,Fastfood,20,3,60,Cash,Mrs.,Afternoon,"Flour, Oil, Spices, Seasoning"
513,2022-07-16,Cold coffee,Beverages,40,5,200,Cash,Mrs.,Night,"Flour, Oil, Spices, Seasoning"
514,2022-08-24,Cold coffee,Beverages,40,8,320,Online,Mrs.,Evening,"Flour, Oil, Spices, Seasoning"
515,2022-11-02,Sandwich,Fastfood,60,7,420,,Mrs.,Night,"Bread, Butter, Lettuce, Tomato, Cheese, Mayonnaise"
516,2022-09-22,Sugarcane juice,Beverages,25,5,300,Online,Mrs.,Midnight,"Sugarcane, Lemon, Ginger"
517,2022-07-02,Panipuri,Fastfood,20,13,260,Online,Mr.,Evening,"Flour, Oil, Spices, Seasoning"
518,2022-12-09,Aalopuri,Fastfood,20,2,120,Cash,Mrs.,Morning,"Potato, Flour, Spices, Oil"
519,2022-11-25,Cold coffee,Beverages,40,10,400,Cash,Mr.,Morning,"Flour, Oil, Spices, Seasoning"
520,2022-04-03,Panipuri,Fastfood,20,11,220,Online,Mrs.,Night,"Flour, Oil, Spices, Seasoning"
521,2023-01-27,Panipuri,Fastfood,20,14,280,Online,Mr.,Morning,"Flour, Oil, Spices, Seasoning"
522,2022-12-29,Panipuri,Fastfood,20,13,260,Cash,Mrs.,Midnight,"Flour, Oil, Spices, Seasoning"
523,2022-11-03,Frankie,Fastfood,50,6,300,Cash,Mr.,Afternoon,"Flour, Oil, Spices, Seasoning"
524,2022-05-01,Aalopuri,Fastfood,20,13,260,Online,Mr.,Afternoon,"Potato, Flour, Spices, Oil"
525,2022-05-04,Vadapav,Fastfood,20,3,60,Cash,Mr.,Midnight,"Potato, Bun, Garlic Chutney, Green Chilli, Oil"
526,2022-07-04,Sandwich,Fastfood,60,10,600,Cash,Mrs.,Evening,"Bread, Butter, Lettuce, Tomato, Cheese, Mayonnaise"
527,2023-01-06,Sugarcane juice,Beverages,25,15,150,Cash,Mrs.,Afternoon,"Sugarcane, Lemon, Ginger"
528,2022-07-01,Sugarcane juice,Beverages,25,16,175,Cash,Mrs.,Midnight,"Sugarcane, Lemon, Ginger"
529,2022-05-15,Aalopuri,Fastfood,20,12,240,,Mrs.,Afternoon,"Potato, Flour, Spices, Oil"
530,2022-07-27,Panipuri,Fastfood,20,6,120,Cash,Mrs.,Night,"Flour, Oil, Spices, Seasoning"
531,2022-10-04,Cold coffee,Beverages,40,10,400,Cash,Mr.,Night,"Flour, Oil, Spices, Seasoning"
532,2023-03-27,Panipuri,Fastfood,20,13,260,Online,Mrs.,Midnight,"Flour, Oil, Spices, Seasoning"
533,2023-02-05,Frankie,Fastfood,50,2,100,,Mrs.,Night,"Flour, Oil, Spices, Seasoning"
534,2022-05-16,Vadapav,Fastfood,20,2,40,Online,Mrs.,Night,"Potato, Bun, Garlic Chutney, Green Chilli, Oil"
535,2022-09-05,Sandwich,Fastfood,60,4,240,Online,Mr.,Midnight,"Bread, Butter, Lettuce, Tomato, Cheese, Mayonnaise"
536,2023-03-01,Sugarcane juice,Beverages,25,7,175,Cash,Mrs.,Evening,"Sugarcane, Lemon, Ginger"
537,2023-01-25,Panipuri,Fastfood,20,3,60,Cash,Mr.,Evening,"Flour, Oil, Spices, Seasoning"
538,2022-06-05,Panipuri,Fastfood,20,7,140,Online,Mr.,Morning,"Flour, Oil, Spices, Seasoning"
539,2022-09-07,Panipuri,Fastfood,20,3,60,Online,Mr.,Evening,"Flour, Oil, Spices, Seasoning"
540,2022-05-27,Vadapav,Fastfood,20,13,260,Cash,Mr.,Afternoon,"Potato, Bun, Garlic Chutney, Green Chilli, Oil"
541,2022-07-30,Panipuri,Fastfood,20,12,240,Cash,Mr.,Night,"Flour, Oil, Spices, Seasoning"
542,2022-08-04,Sugarcane juice,Beverages,25,1,225,Cash,Mr.,Evening,"Sugarcane, Lemon, Ginger"
543,2022-04-10,Aalopuri,Fastfood,20,15,300,Cash,Mrs.,Evening,"Potato, Flour, Spices, Oil"
544,2022-12-14,Sandwich,Fastfood,60,15,900,Online,Mrs.,Morning,"Bread, Butter, Lettuce, Tomato, Cheese, Mayonnaise"
545,2023-01-01,Sandwich,Fastfood,60,13,780,Online,Mrs.,Midnight,"Bread, Butter, Lettuce, Tomato, Cheese, Mayonnaise"
546,2022-07-09,Aalopuri,Fastfood,20,8,20,Cash,Mrs.,Midnight,"Potato, Flour, Spices, Oil"
547,2022-05-14,Cold coffee,Beverages,40,10,400,Online,Mr.,Morning,"Flour, Oil, Spices, Seasoning"
548,2023-03-29,Cold coffee,Beverages,40,14,560,Cash,Mr.,Afternoon,"Flour, Oil, Spices, Seasoning"
549,2022-04-15,Sugarcane juice,Beverages,25,3,75,Online,Mr.,Afternoon,"Sugarcane, Lemon, Ginger"
550,2022-11-15,Cold coffee,Beverages,40,15,600,Online,Mr.,Afternoon,"Flour, Oil, Spices, Seasoning"
551,2022-07-30,Sugarcane juice,Beverages,25,13,175,Cash,Mr.,Evening,"Sugarcane, Lemon, Ginger"
552,2022-09-12,Sugarcane juice,Beverages,25,8,375,Cash,Mrs.,Midnight,"Sugarcane, Lemon, Ginger"
553,2022-11-11,Panipuri,Fastfood,20,14,280,Cash,Mr.,Evening,"Flour, Oil, Spices, Seasoning"
554,2023-03-09,Panipuri,Fastfood,20,4,80,Cash,Mrs.,Afternoon,"Flour, Oil, Spices, Seasoning"
555,2022-04-16,Sandwich,Fastfood,60,6,360,Cash,Mrs.,Evening,"Bread, Butter, Lettuce, Tomato, Cheese, Mayonnaise"
556,2023-02-27,Vadapav,Fastfood,20,3,180,Cash,Mrs.,Night,"Potato, Bun, Garlic Chutney, Green Chilli, Oil"
557,2022-06-30,Sandwich,Fastfood,60,2,120,Cash,Mrs.,Evening,"Bread, Butter, Lettuce, Tomato, Cheese, Mayonnaise"
558,2022-10-01,Panipuri,Fastfood,20,5,100,Online,Mr.,Morning,"Flour, Oil, Spices, Seasoning"
559,2022-08-31,Cold coffee,Beverages,40,5,200,Online,Mrs.,Night,"Flour, Oil, Spices, Seasoning"
560,2022-12-10,Sugarcane juice,Beverages,25,8,25,Cash,Mr.,Evening,"Sugarcane, Lemon, Ginger"
561,2022-06-13,Panipuri,Fastfood,20,1,20,Cash,Mrs.,Midnight,"Flour, Oil, Spices, Seasoning"
562,2022-08-09,Frankie,Fastfood,50,4,200,Cash,Mr.,Afternoon,"Flour, Oil, Spices, Seasoning"
563,2022-10-13,Frankie,Fastfood,50,7,350,Online,Mrs.,Evening,"Flour, Oil, Spices, Seasoning"
564,2022-09-27,Cold coffee,Beverages,40,2,80,,Mr.,Morning,"Flour, Oil, Spices, Seasoning"
565,2022-09-27,Panipuri,Fastfood,20,15,300,Cash,Mr.,Evening,"Flour, Oil, Spices, Seasoning"
566,2022-07-19,Frankie,Fastfood,50,3,150,Cash,Mr.,Evening,"Flour, Oil, Spices, Seasoning"
567,2022-10-16,Cold coffee,Beverages,40,7,280,Online,Mrs.,Afternoon,"Flour, Oil, Spices, Seasoning"
568,2022-12-29,Panipuri,Fastfood,20,12,240,,Mrs.,Afternoon,"Flour, Oil, Spices, Seasoning"
569,2023-01-02,Cold coffee,Beverages,40,15,600,Online,Mrs.,Midnight,"Flour, Oil, Spices, Seasoning"
570,2022-09-15,Sugarcane juice,Beverages,25,1,100,Cash,Mr.,Morning,"Sugarcane, Lemon, Ginger"
571,2022-11-28,Sugarcane juice,Beverages,25,1,25,Cash,Mrs.,Evening,"Sugarcane, Lemon, Ginger"
572,2022-04-02,Sandwich,Fastfood,60,15,900,Cash,Mr.,Afternoon,"Bread, Butter, Lettuce, Tomato, Cheese, Mayonnaise"
573,2022-09-07,Frankie,Fastfood,50,2,100,Cash,Mr.,Afternoon,"Flour, Oil, Spices, Seasoning"
574,2022-10-22,Aalopuri,Fastfood,20,1,20,Cash,Mrs.,Night,"Potato, Flour, Spices, Oil"
575,2022-12-24,Vadapav,Fastfood,20,1,20,Online,Mrs.,Midnight,"Potato, Bun, Garlic Chutney, Green Chilli, Oil"
576,2023-03-23,Panipuri,Fastfood,20,12,240,Cash,Mrs.,Afternoon,"Flour, Oil, Spices, Seasoning"
577,2022-09-06,Cold coffee,Beverages,40,7,280,Cash,Mr.,Evening,"Flour, Oil, Spices, Seasoning"
578,2022-06-30,Frankie,Fastfood,50,5,250,Online,Mrs.,Night,"Flour, Oil, Spices, Seasoning"
579,2022-04-27,Panipuri,Fastfood,20,2,40,Cash,Mr.,Evening,"Flour, Oil, Spices, Seasoning"
580,2022-07-01,Panipuri,Fastfood,20,10,200,Online,Mr.,Night,"Flour, Oil, Spices, Seasoning"
581,2022-04-23,Sugarcane juice,Beverages,25,13,325,Cash,Mr.,Afternoon,"Sugarcane, Lemon, Ginger"
582,2022-05-12,Aalopuri,Fastfood,20,13,260,Cash,Mr.,Morning,"Potato, Flour, Spices, Oil"
583,2022-05-31,Frankie,Fastfood,50,8,400,Cash,Mr.,Night,"Flour, Oil, Spices, Seasoning"
584,2022-12-04,Cold coffee,Beverages,40,15,600,Cash,Mr.,Morning,"Flour, Oil, Spices, Seasoning"
585,2023-03-05,Vadapav,Fastfood,20,11,220,Cash,Mrs.,Morning,"Potato, Bun, Garlic Chutney, Green Chilli, Oil"
586,2022-05-22,Sandwich,Fastfood,60,15,900,Online,Mr.,Night,"Bread, Butter, Lettuce, Tomato, Cheese, Mayonnaise"
587,2022-04-09,Aalopuri,Fastfood,20,10,200,Cash,Mrs.,Night,"Potato, Flour, Spices, Oil"
588,2022-06-16,Frankie,Fastfood,50,11,550,Cash,Mrs.,Morning,"Flour, Oil, Spices, Seasoning"
589,2022-08-25,Cold coffee,Beverages,40,5,200,Cash,Mr.,Night,"Flour, Oil, Spices, Seasoning"
590,2023-03-27,Panipuri,Fastfood,20,15,300,Online,Mr.,Midnight,"Flour, Oil, Spices, Seasoning"
591,2022-10-01,Sandwich,Fastfood,60,13,780,Cash,Mrs.,Morning,"Bread, Butter, Lettuce, Tomato, Cheese, Mayonnaise"
592,2022-12-04,Sugarcane juice,Beverages,25,16,175,Cash,Mr.,Morning,"Sugarcane, Lemon, Ginger"
593,2023-02-16,Sugarcane juice,Beverages,25,17,225,Cash,Mrs.,Evening,"Sugarcane, Lemon, Ginger"
594,2023-01-20,Frankie,Fastfood,50,6,300,Cash,Mrs.,Morning,"Flour, Oil, Spices, Seasoning"
595,2023-02-22,Frankie,Fastfood,50,9,450,Online,Mr.,Afternoon,"Flour, Oil, Spices, Seasoning"
596,2022-04-26,Cold coffee,Beverages,40,1,40,Online,Mrs.,Night,"Flour, Oil, Spices, Seasoning"
597,2022-11-30,Panipuri,Fastfood,20,10,200,Online,Mr.,Midnight,"Flour, Oil, Spices, Seasoning"
598,2022-08-02,Cold coffee,Beverages,40,8,320,Cash,Mrs.,Afternoon,"Flour, Oil, Spices, Seasoning"
599,2022-10-03,Frankie,Fastfood,50,13,650,Cash,Mr.,Morning,"Flour, Oil, Spices, Seasoning"
600,2022-12-24,Panipuri,Fastfood,20,6,120,Cash,Mrs.,Morning,"Flour, Oil, Spices, Seasoning"
601,2022-11-01,Aalopuri,Fastfood,20,12,240,Online,Mr.,Morning,"Potato, Flour, Spices, Oil"
602,2022-08-27,Aalopuri,Fastfood,20,19,200,Cash,Mr.,Night,"Potato, Flour, Spices, Oil"
603,2022-08-31,Vadapav,Fastfood,20,17,200,Cash,Mrs.,Afternoon,"Potato, Bun, Garlic Chutney, Green Chilli, Oil"
604,2022-09-08,Frankie,Fastfood,50,10,500,Cash,Mrs.,Night,"Flour, Oil, Spices, Seasoning"
605,2022-04-04,Cold coffee,Beverages,40,15,600,,Mrs.,Afternoon,"Flour, Oil, Spices, Seasoning"
606,2022-04-09,Cold coffee,Beverages,40,6,240,Cash,Mrs.,Night,"Flour, Oil, Spices, Seasoning"
607,2022-12-15,Vadapav,Fastfood,20,6,180,Cash,Mrs.,Afternoon,"Potato, Bun, Garlic Chutney, Green Chilli, Oil"
608,2023-02-28,Aalopuri,Fastfood,20,1,20,Online,Mr.,Midnight,"Potato, Flour, Spices, Oil"
609,2023-02-07,Aalopuri,Fastfood,20,9,280,,Mr.,Midnight,"Potato, Flour, Spices, Oil"
610,2022-05-08,Frankie,Fastfood,50,13,650,Online,Mrs.,Evening,"Flour, Oil, Spices, Seasoning"
611,2022-06-25,Aalopuri,Fastfood,20,11,40,Online,Mrs.,Morning,"Potato, Flour, Spices, Oil"
612,2023-02-06,Aalopuri,Fastfood,20,1,60,Online,Mr.,Midnight,"Potato, Flour, Spices, Oil"
613,2022-06-10,Vadapav,Fastfood,20,13,100,Online,Mrs.,Night,"Potato, Bun, Garlic Chutney, Green Chilli, Oil"
614,2022-12-19,Vadapav,Fastfood,20,1,40,,Mr.,Morning,"Potato, Bun, Garlic Chutney, Green Chilli, Oil"
615,2022-08-14,Sandwich,Fastfood,60,14,840,,Mr.,Morning,"Bread, Butter, Lettuce, Tomato, Cheese, Mayonnaise"
616,2022-07-15,Vadapav,Fastfood,20,11,120,Online,Mrs.,Midnight,"Potato, Bun, Garlic Chutney, Green Chilli, Oil"
617,2022-06-28,Sugarcane juice,Beverages,25,13,50,Cash,Mr.,Night,"Sugarcane, Lemon, Ginger"
618,2022-04-08,Frankie,Fastfood,50,1,50,Online,Mr.,Evening,"Flour, Oil, Spices, Seasoning"
619,2022-09-09,Sugarcane juice,Beverages,25,1,100,Cash,Mrs.,Morning,"Sugarcane, Lemon, Ginger"
620,2022-09-14,Panipuri,Fastfood,20,12,240,Online,Mrs.,Evening,"Flour, Oil, Spices, Seasoning"
621,2023-02-13,Aalopuri,Fastfood,20,1,40,Online,Mrs.,Evening,"Potato, Flour, Spices, Oil"
622,2022-12-14,Panipuri,Fastfood,20,13,260,Online,Mr.,Afternoon,"Flour, Oil, Spices, Seasoning"
623,2022-04-02,Cold coffee,Beverages,40,15,600,Cash,Mr.,Midnight,"Flour, Oil, Spices, Seasoning"
624,2023-03-08,Sandwich,Fastfood,60,9,540,Cash,Mrs.,Morning,"Bread, Butter, Lettuce, Tomato, Cheese, Mayonnaise"
625,2022-06-17,Sandwich,Fastfood,60,15,900,Online,Mr.,Morning,"Bread, Butter, Lettuce, Tomato, Cheese, Mayonnaise"
626,2023-02-01,Cold coffee,Beverages,40,15,600,Cash,Mr.,Night,"Flour, Oil, Spices, Seasoning"
627,2022-06-22,Sugarcane juice,Beverages,25,20,375,Online,Mr.,Afternoon,"Sugarcane, Lemon, Ginger"
628,2022-05-02,Cold coffee,Beverages,40,10,400,,Mrs.,Night,"Flour, Oil, Spices, Seasoning"
629,2023-01-20,Sugarcane juice,Beverages,25,19,225,Cash,Mrs.,Evening,"Sugarcane, Lemon, Ginger"
630,2022-05-27,Frankie,Fastfood,50,7,350,,Mrs.,Morning,"Flour, Oil, Spices, Seasoning"
631,2022-07-01,Cold coffee,Beverages,40,13,520,Cash,Mrs.,Evening,"Flour, Oil, Spices, Seasoning"
632,2022-10-28,Panipuri,Fastfood,20,9,180,Online,Mrs.,Night,"Flour, Oil, Spices, Seasoning"
633,2022-05-24,Cold coffee,Beverages,40,3,120,Online,Mr.,Evening,"Flour, Oil, Spices, Seasoning"
634,2022-07-26,Panipuri,Fastfood,20,13,260,Cash,Mr.,Afternoon,"Flour, Oil, Spices, Seasoning"
635,2023-02-06,Vadapav,Fastfood,20,10,300,Online,Mrs.,Night,"Potato, Bun, Garlic Chutney, Green Chilli, Oil"
636,2022-04-26,Cold coffee,Beverages,40,12,480,,Mr.,Morning,"Flour, Oil, Spices, Seasoning"
637,2022-05-14,Aalopuri,Fastfood,20,7,140,Cash,Mr.,Midnight,"Potato, Flour, Spices, Oil"
638,2022-08-20,Cold coffee,Beverages,40,11,440,Online,Mrs.,Afternoon,"Flour, Oil, Spices, Seasoning"
639,2023-01-26,Vadapav,Fastfood,20,9,280,Cash,Mrs.,Morning,"Potato, Bun, Garlic Chutney, Green Chilli, Oil"
640,2023-01-04,Sandwich,Fastfood,60,15,900,Online,Mr.,Night,"Bread, Butter, Lettuce, Tomato, Cheese, Mayonnaise"
641,2023-02-09,Vadapav,Fastfood,20,12,300,Cash,Mr.,Afternoon,"Potato, Bun, Garlic Chutney, Green Chilli, Oil"
642,2022-05-09,Cold coffee,Beverages,40,10,400,Online,Mrs.,Morning,"Flour, Oil, Spices, Seasoning"
643,2022-10-20,Sugarcane juice,Beverages,25,1,50,Cash,Mr.,Afternoon,"Sugarcane, Lemon, Ginger"
644,2023-02-03,Panipuri,Fastfood,20,5,100,Online,Mrs.,Evening,"Flour, Oil, Spices, Seasoning"
645,2022-07-26,Sandwich,Fastfood,60,9,540,Cash,Mrs.,Night,"Bread, Butter, Lettuce, Tomato, Cheese, Mayonnaise"
646,2022-08-30,Vadapav,Fastfood,20,20,280,Online,Mrs.,Afternoon,"Potato, Bun, Garlic Chutney, Green Chilli, Oil"
647,2022-06-05,Vadapav,Fastfood,20,12,60,Cash,Mr.,Afternoon,"Potato, Bun, Garlic Chutney, Green Chilli, Oil"
648,2022-05-27,Sandwich,Fastfood,60,7,420,Cash,Mr.,Night,"Bread, Butter, Lettuce, Tomato, Cheese, Mayonnaise"
649,2022-11-05,Frankie,Fastfood,50,9,450,Cash,Mr.,Midnight,"Flour, Oil, Spices, Seasoning"
650,2022-04-07,Sandwich,Fastfood,60,13,780,Online,Mrs.,Morning,"Bread, Butter, Lettuce, Tomato, Cheese, Mayonnaise"
651,2022-07-11,Sandwich,Fastfood,60,10,600,Online,Mrs.,Midnight,"Bread, Butter, Lettuce, Tomato, Cheese, Mayonnaise"
652,2022-05-21,Cold coffee,Beverages,40,13,520,Online,Mrs.,Afternoon,"Flour, Oil, Spices, Seasoning"
653,2022-05-30,Frankie,Fastfood,50,10,500,Online,Mrs.,Midnight,"Flour, Oil, Spices, Seasoning"
654,2023-03-04,Vadapav,Fastfood,20,9,180,Cash,Mrs.,Morning,"Potato, Bun, Garlic Chutney, Green Chilli, Oil"
655,2022-06-30,Sugarcane juice,Beverages,25,23,300,Online,Mr.,Morning,"Sugarcane, Lemon, Ginger"
656,2022-11-28,Sandwich,Fastfood,60,6,360,Online,Mrs.,Midnight,"Bread, Butter, Lettuce, Tomato, Cheese, Mayonnaise"
657,2023-01-10,Cold coffee,Beverages,40,7,280,,Mr.,Midnight,"Flour, Oil, Spices, Seasoning"
658,2022-10-10,Aalopuri,Fastfood,20,12,240,,Mrs.,Afternoon,"Potato, Flour, Spices, Oil"
659,2023-01-21,Panipuri,Fastfood,20,2,40,Online,Mr.,Afternoon,"Flour, Oil, Spices, Seasoning"
660,2022-07-25,Sandwich,Fastfood,60,9,540,Cash,Mrs.,Night,"Bread, Butter, Lettuce, Tomato, Cheese, Mayonnaise"
661,2022-10-11,Frankie,Fastfood,50,7,350,Online,Mrs.,Midnight,"Flour, Oil, Spices, Seasoning"
662,2023-02-15,Panipuri,Fastfood,20,3,60,Online,Mrs.,Afternoon,"Flour, Oil, Spices, Seasoning"
663,2023-02-05,Sugarcane juice,Beverages,25,10,25,Online,Mr.,Night,"Sugarcane, Lemon, Ginger"
664,2022-10-31,Frankie,Fastfood,50,10,500,Online,Mrs.,Morning,"Flour, Oil, Spices, Seasoning"
665,2022-05-06,Aalopuri,Fastfood,20,14,280,Online,Mrs.,Evening,"Potato, Flour, Spices, Oil"
666,2023-01-25,Panipuri,Fastfood,20,9,180,Cash,Mr.,Evening,"Flour, Oil, Spices, Seasoning"
667,2022-09-28,Vadapav,Fastfood,20,3,60,Cash,Mrs.,Evening,"Potato, Bun, Garlic Chutney, Green Chilli, Oil"
668,2022-05-11,Aalopuri,Fastfood,20,4,80,Online,Mr.,Morning,"Potato, Flour, Spices, Oil"
669,2023-03-18,Sandwich,Fastfood,60,11,660,Online,Mr.,Evening,"Bread, Butter, Lettuce, Tomato, Cheese, Mayonnaise"
670,2022-07-05,Panipuri,Fastfood,20,15,300,Cash,Mr.,Night,"Flour, Oil, Spices, Seasoning"
671,2022-10-09,Sandwich,Fastfood,60,2,120,Online,Mr.,Afternoon,"Bread, Butter, Lettuce, Tomato, Cheese, Mayonnaise"
672,2022-11-24,Cold coffee,Beverages,40,3,120,,Mrs.,Evening,"Flour, Oil, Spices, Seasoning"
673,2022-09-17,Sandwich,Fastfood,60,12,720,Cash,Mr.,Midnight,"Bread, Butter, Lettuce, Tomato, Cheese, Mayonnaise"
674,2022-07-17,Sugarcane juice,Beverages,25,22,325,,Mr.,Morning,"Sugarcane, Lemon, Ginger"
675,2022-04-17,Sandwich,Fastfood,60,12,720,Cash,Mr.,Night,"Bread, Butter, Lettuce, Tomato, Cheese, Mayonnaise"
676,2022-05-04,Frankie,Fastfood,50,7,350,Cash,Mrs.,Evening,"Flour, Oil, Spices, Seasoning"
677,2022-05-19,Cold coffee,Beverages,40,3,120,Online,Mrs.,Morning,"Flour, Oil, Spices, Seasoning"
678,2022-05-23,Aalopuri,Fastfood,20,3,60,Online,Mr.,Evening,"Potato, Flour, Spices, Oil"
679,2022-11-02,Sandwich,Fastfood,60,12,720,Online,Mr.,Morning,"Bread, Butter, Lettuce, Tomato, Cheese, Mayonnaise"
680,2022-04-20,Cold coffee,Beverages,40,4,160,Cash,Mr.,Night,"Flour, Oil, Spices, Seasoning"
681,2022-12-09,Frankie,Fastfood,50,9,450,Online,Mrs.,Night,"Flour, Oil, Spices, Seasoning"
682,2022-10-11,Aalopuri,Fastfood,20,14,280,Online,Mr.,Midnight,"Potato, Flour, Spices, Oil"
683,2022-08-12,Frankie,Fastfood,50,15,750,Cash,Mr.,Midnight,"Flour, Oil, Spices, Seasoning"
684,2022-09-18,Vadapav,Fastfood,20,5,100,Cash,Mr.,Afternoon,"Potato, Bun, Garlic Chutney, Green Chilli, Oil"
685,2022-05-20,Aalopuri,Fastfood,20,3,60,Cash,Mrs.,Afternoon,"Potato, Flour, Spices, Oil"
686,2022-11-25,Cold coffee,Beverages,40,5,200,Cash,Mr.,Afternoon,"Flour, Oil, Spices, Seasoning"
687,2022-12-18,Vadapav,Fastfood,20,7,200,Cash,Mrs.,Midnight,"Potato, Bun, Garlic Chutney, Green Chilli, Oil"
688,2022-05-14,Frankie,Fastfood,50,5,250,Online,Mr.,Afternoon,"Flour, Oil, Spices, Seasoning"
689,2022-08-13,Vadapav,Fastfood,20,14,120,Cash,Mrs.,Afternoon,"Potato, Bun, Garlic Chutney, Green Chilli, Oil"
690,2022-10-05,Vadapav,Fastfood,20,9,180,Cash,Mrs.,Night,"Potato, Bun, Garlic Chutney, Green Chilli, Oil"
691,2022-04-01,Sandwich,Fastfood,60,7,420,Cash,Mrs.,Evening,"Bread, Butter, Lettuce, Tomato, Cheese, Mayonnaise"
692,2023-01-13,Frankie,Fastfood,50,14,700,Online,Mr.,Afternoon,"Flour, Oil, Spices, Seasoning"
693,2022-11-29,Sugarcane juice,Beverages,25,13,325,Online,Mrs.,Midnight,"Sugarcane, Lemon, Ginger"
694,2022-04-22,Panipuri,Fastfood,20,14,280,Cash,Mr.,Midnight,"Flour, Oil, Spices, Seasoning"
695,2022-08-24,Panipuri,Fastfood,20,10,200,Online,Mrs.,Midnight,"Flour, Oil, Spices, Seasoning"
696,2023-02-23,Sugarcane juice,Beverages,25,8,75,Online,Mrs.,Evening,"Sugarcane, Lemon, Ginger"
697,2022-05-05,Sugarcane juice,Beverages,25,15,125,Cash,Mr.,Midnight,"Sugarcane, Lemon, Ginger"
698,2022-11-26,Panipuri,Fastfood,20,10,200,Online,Mr.,Night,"Flour, Oil, Spices, Seasoning"
699,2022-09-09,Cold coffee,Beverages,40,1,40,Online,Mr.,Evening,"Flour, Oil, Spices, Seasoning"
700,2022-11-15,Frankie,Fastfood,50,6,300,Cash,Mrs.,Evening,"Flour, Oil, Spices, Seasoning"
701,2022-07-19,Sugarcane juice,Beverages,25,19,350,Online,Mrs.,Evening,"Sugarcane, Lemon, Ginger"
702,2023-03-25,Cold coffee,Beverages,40,13,520,Cash,Mrs.,Afternoon,"Flour, Oil, Spices, Seasoning"
703,2022-11-01,Panipuri,Fastfood,20,10,200,Online,Mrs.,Afternoon,"Flour, Oil, Spices, Seasoning"
704,2022-08-14,Sandwich,Fastfood,60,1,60,Online,Mrs.,Evening,"Bread, Butter, Lettuce, Tomato, Cheese, Mayonnaise"
705,2022-10-07,Sandwich,Fastfood,60,6,360,Online,Mr.,Evening,"Bread, Butter, Lettuce, Tomato, Cheese, Mayonnaise"
706,2023-02-05,Frankie,Fastfood,50,8,400,Online,Mr.,Night,"Flour, Oil, Spices, Seasoning"
707,2022-12-16,Panipuri,Fastfood,20,2,40,Online,Mr.,Night,"Flour, Oil, Spices, Seasoning"
708,2023-03-15,Sandwich,Fastfood,60,5,300,Cash,Mrs.,Midnight,"Bread, Butter, Lettuce, Tomato, Cheese, Mayonnaise"
709,2023-02-22,Cold coffee,Beverages,40,6,240,Cash,Mr.,Morning,"Flour, Oil, Spices, Seasoning"
710,2023-03-15,Sandwich,Fastfood,60,15,900,,Mr.,Night,"Bread, Butter, Lettuce, Tomato, Cheese, Mayonnaise"
711,2022-10-30,Aalopuri,Fastfood,20,3,60,Cash,Mr.,Afternoon,"Potato, Flour, Spices, Oil"
712,2022-12-17,Vadapav,Fastfood,20,1,60,Online,Mrs.,Midnight,"Potato, Bun, Garlic Chutney, Green Chilli, Oil"
713,2022-12-02,Sugarcane juice,Beverages,25,21,350,Online,Mrs.,Morning,"Sugarcane, Lemon, Ginger"
714,2022-12-14,Sugarcane juice,Beverages,25,20,350,Cash,Mr.,Afternoon,"Sugarcane, Lemon, Ginger"
715,2022-04-12,Sandwich,Fastfood,60,1,60,Online,Mr.,Morning,"Bread, Butter, Lettuce, Tomato, Cheese, Mayonnaise"
716,2022-12-03,Panipuri,Fastfood,20,9,180,Cash,Mrs.,Midnight,"Flour, Oil, Spices, Seasoning"
717,2022-10-11,Sugarcane juice,Beverages,25,3,375,,Mrs.,Evening,"Sugarcane, Lemon, Ginger"
718,2022-12-28,Aalopuri,Fastfood,20,1,40,Online,Mr.,Afternoon,"Potato, Flour, Spices, Oil"
719,2022-05-09,Vadapav,Fastfood,20,15,300,Cash,Mrs.,Midnight,"Potato, Bun, Garlic Chutney, Green Chilli, Oil"
720,2022-05-10,Frankie,Fastfood,50,14,700,Cash,Mrs.,Morning,"Flour, Oil, Spices, Seasoning"
721,2022-08-13,Panipuri,Fastfood,20,12,240,,Mr.,Afternoon,"Flour, Oil, Spices, Seasoning"
722,2022-09-14,Vadapav,Fastfood,20,15,300,,Mr.,Midnight,"Potato, Bun, Garlic Chutney, Green Chilli, Oil"
723,2023-02-16,Cold coffee,Beverages,40,10,400,Online,Mr.,Evening,"Flour, Oil, Spices, Seasoning"
724,2022-06-27,Frankie,Fastfood,50,10,500,Cash,Mrs.,Night,"Flour, Oil, Spices, Seasoning"
725,2022-07-04,Vadapav,Fastfood,20,11,120,Online,Mrs.,Afternoon,"Potato, Bun, Garlic Chutney, Green Chilli, Oil"
726,2022-09-11,Panipuri,Fastfood,20,1,20,Online,Mr.,Morning,"Flour, Oil, Spices, Seasoning"
727,2022-08-25,Aalopuri,Fastfood,20,15,100,Cash,Mrs.,Midnight,"Potato, Flour, Spices, Oil"
728,2022-08-03,Vadapav,Fastfood,20,8,20,Online,Mr.,Midnight,"Potato, Bun, Garlic Chutney, Green Chilli, Oil"
729,2022-11-24,Sandwich,Fastfood,60,7,420,Cash,Mr.,Night,"Bread, Butter, Lettuce, Tomato, Cheese, Mayonnaise"
730,2022-06-28,Frankie,Fastfood,50,13,650,Cash,Mrs.,Afternoon,"Flour, Oil, Spices, Seasoning"
731,2023-03-09,Frankie,Fastfood,50,10,500,Cash,Mrs.,Afternoon,"Flour, Oil, Spices, Seasoning"
732,2022-06-13,Panipuri,Fastfood,20,7,140,,Mrs.,Midnight,"Flour, Oil, Spices, Seasoning"
733,2023-02-03,Frankie,Fastfood,50,10,500,Cash,Mr.,Evening,"Flour, Oil, Spices, Seasoning"
734,2022-10-07,Frankie,Fastfood,50,7,350,Cash,Mr.,Evening,"Flour, Oil, Spices, Seasoning"
735,2022-08-10,Panipuri,Fastfood,20,11,220,Cash,Mr.,Morning,"Flour, Oil, Spices, Seasoning"
736,2022-09-25,Panipuri,Fastfood,20,13,260,,Mr.,Afternoon,"Flour, Oil, Spices, Seasoning"
737,2022-09-20,Frankie,Fastfood,50,13,650,Online,Mrs.,Night,"Flour, Oil, Spices, Seasoning"
738,2023-03-01,Sandwich,Fastfood,60,4,240,Online,Mrs.,Morning,"Bread, Butter, Lettuce, Tomato, Cheese, Mayonnaise"
739,2022-06-06,Aalopuri,Fastfood,20,18,220,Online,Mr.,Night,"Potato, Flour, Spices, Oil"
740,2022-07-30,Aalopuri,Fastfood,20,18,180,Cash,Mr.,Midnight,"Potato, Flour, Spices, Oil"
741,2022-07-16,Aalopuri,Fastfood,20,11,100,Online,Mr.,Afternoon,"Potato, Flour, Spices, Oil"
742,2022-11-18,Panipuri,Fastfood,20,14,280,Online,Mr.,Night,"Flour, Oil, Spices, Seasoning"
743,2022-11-09,Panipuri,Fastfood,20,1,20,Cash,Mr.,Morning,"Flour, Oil, Spices, Seasoning"
744,2022-06-25,Frankie,Fastfood,50,10,500,Cash,Mrs.,Morning,"Flour, Oil, Spices, Seasoning"
745,2022-09-11,Aalopuri,Fastfood,20,2,40,Online,Mr.,Evening,"Potato, Flour, Spices, Oil"
746,2022-08-05,Sugarcane juice,Beverages,25,1,125,Online,Mrs.,Midnight,"Sugarcane, Lemon, Ginger"
747,2023-01-14,Cold coffee,Beverages,40,3,120,Cash,Mrs.,Midnight,"Flour, Oil, Spices, Seasoning"
748,2022-09-20,Sandwich,Fastfood,60,14,840,Cash,Mrs.,Night,"Bread, Butter, Lettuce, Tomato, Cheese, Mayonnaise"
749,2022-08-31,Vadapav,Fastfood,20,16,220,Cash,Mr.,Morning,"Potato, Bun, Garlic Chutney, Green Chilli, Oil"
750,2023-02-01,Frankie,Fastfood,50,1,50,Online,Mr.,Evening,"Flour, Oil, Spices, Seasoning"
751,2022-09-16,Vadapav,Fastfood,20,2,40,Cash,Mr.,Afternoon,"Potato, Bun, Garlic Chutney, Green Chilli, Oil"
752,2022-06-04,Panipuri,Fastfood,20,2,40,Online,Mrs.,Morning,"Flour, Oil, Spices, Seasoning"
753,2022-06-26,Sugarcane juice,Beverages,25,16,25,Cash,Mr.,Midnight,"Sugarcane, Lemon, Ginger"
754,2022-12-29,Sugarcane juice,Beverages,25,19,350,Cash,Mrs.,Evening,"Sugarcane, Lemon, Ginger"
755,2023-01-02,Aalopuri,Fastfood,20,7,240,Cash,Mrs.,Night,"Potato, Flour, Spices, Oil"
756,2022-10-21,Sugarcane juice,Beverages,25,4,250,Online,Mrs.,Morning,"Sugarcane, Lemon, Ginger"
757,2022-12-25,Sugarcane juice,Beverages,25,16,275,Online,Mr.,Morning,"Sugarcane, Lemon, Ginger"
758,2022-09-25,Vadapav,Fastfood,20,3,60,Cash,Mrs.,Evening,"Potato, Bun, Garlic Chutney, Green Chilli, Oil"
759,2022-12-25,Sugarcane juice,Beverages,25,18,325,Online,Mr.,Midnight,"Sugarcane, Lemon, Ginger"
760,2022-11-14,Sugarcane juice,Beverages,25,1,25,Online,Mrs.,Evening,"Sugarcane, Lemon, Ginger"
761,2022-11-12,Sandwich,Fastfood,60,3,180,,Mrs.,Midnight,"Bread, Butter, Lettuce, Tomato, Cheese, Mayonnaise"
762,2022-04-09,Vadapav,Fastfood,20,12,240,Online,Mrs.,Midnight,"Potato, Bun, Garlic Chutney, Green Chilli, Oil"
763,2022-07-04,Vadapav,Fastfood,20,19,280,,Mrs.,Night,"Potato, Bun, Garlic Chutney, Green Chilli, Oil"
764,2023-02-14,Sandwich,Fastfood,60,7,420,Cash,Mrs.,Night,"Bread, Butter, Lettuce, Tomato, Cheese, Mayonnaise"
765,2022-06-15,Sandwich,Fastfood,60,13,780,Cash,Mr.,Night,"Bread, Butter, Lettuce, Tomato, Cheese, Mayonnaise"
766,2022-06-19,Sandwich,Fastfood,60,10,600,Online,Mrs.,Morning,"Bread, Butter, Lettuce, Tomato, Cheese, Mayonnaise"
767,2023-02-26,Frankie,Fastfood,50,8,400,Cash,Mrs.,Afternoon,"Flour, Oil, Spices, Seasoning"
768,2023-01-12,Sandwich,Fastfood,60,14,840,Cash,Mr.,Afternoon,"Bread, Butter, Lettuce, Tomato, Cheese, Mayonnaise"
769,2022-06-07,Frankie,Fastfood,50,8,400,Cash,Mr.,Morning,"Flour, Oil, Spices, Seasoning"
770,2023-02-22,Aalopuri,Fastfood,20,4,160,Cash,Mrs.,Morning,"Potato, Flour, Spices, Oil"
771,2022-08-15,Panipuri,Fastfood,20,5,100,Online,Mrs.,Midnight,"Flour, Oil, Spices, Seasoning"
772,2023-03-20,Cold coffee,Beverages,40,9,360,Cash,Mr.,Evening,"Flour, Oil, Spices, Seasoning"
773,2022-08-14,Cold coffee,Beverages,40,7,280,Online,Mr.,Afternoon,"Flour, Oil, Spices, Seasoning"
774,2023-03-15,Vadapav,Fastfood,20,1,20,Online,Mrs.,Night,"Potato, Bun, Garlic Chutney, Green Chilli, Oil"
775,2023-03-27,Sandwich,Fastfood,60,6,360,Cash,Mr.,Night,"Bread, Butter, Lettuce, Tomato, Cheese, Mayonnaise"
776,2023-02-07,Frankie,Fastfood,50,10,500,Cash,Mr.,Midnight,"Flour, Oil, Spices, Seasoning"
777,2022-10-23,Panipuri,Fastfood,20,13,260,Cash,Mr.,Morning,"Flour, Oil, Spices, Seasoning"
778,2022-06-11,Frankie,Fastfood,50,13,650,Cash,Mr.,Evening,"Flour, Oil, Spices, Seasoning"
779,2023-01-16,Sandwich,Fastfood,60,13,780,,Mr.,Night,"Bread, Butter, Lettuce, Tomato, Cheese, Mayonnaise"
780,2022-11-27,Sugarcane juice,Beverages,25,13,325,Online,Mrs.,Afternoon,"Sugarcane, Lemon, Ginger"
781,2022-05-27,Aalopuri,Fastfood,20,10,200,Online,Mr.,Midnight,"Potato, Flour, Spices, Oil"
782,2022-12-16,Aalopuri,Fastfood,20,1,100,Online,Mr.,Night,"Potato, Flour, Spices, Oil"
783,2022-04-29,Aalopuri,Fastfood,20,8,160,Cash,Mr.,Morning,"Potato, Flour, Spices, Oil"
784,2022-07-09,Vadapav,Fastfood,20,16,160,Cash,Mrs.,Morning,"Potato, Bun, Garlic Chutney, Green Chilli, Oil"
785,2022-12-07,Aalopuri,Fastfood,20,1,40,Online,Mr.,Afternoon,"Potato, Flour, Spices, Oil"
786,2023-03-13,Sandwich,Fastfood,60,14,840,Online,Mrs.,Night,"Bread, Butter, Lettuce, Tomato, Cheese, Mayonnaise"
787,2023-03-25,Aalopuri,Fastfood,20,2,40,Cash,Mrs.,Afternoon,"Potato, Flour, Spices, Oil"
788,2022-08-13,Sugarcane juice,Beverages,25,1,175,Online,Mr.,Afternoon,"Sugarcane, Lemon, Ginger"
789,2022-08-03,Sugarcane juice,Beverages,25,1,175,Cash,Mr.,Morning,"Sugarcane, Lemon, Ginger"
790,2022-07-20,Panipuri,Fastfood,20,3,60,Cash,Mrs.,Evening,"Flour, Oil, Spices, Seasoning"
791,2022-04-07,Vadapav,Fastfood,20,3,60,,Mr.,Midnight,"Potato, Bun, Garlic Chutney, Green Chilli, Oil"
792,2023-02-25,Vadapav,Fastfood,20,1,40,Cash,Mrs.,Morning,"Potato, Bun, Garlic Chutney, Green Chilli, Oil"
793,2022-08-30,Sandwich,Fastfood,60,6,360,Cash,Mrs.,Night,"Bread, Butter, Lettuce, Tomato, Cheese, Mayonnaise"
794,2022-10-02,Sugarcane juice,Beverages,25,1,125,Online,Mr.,Afternoon,"Sugarcane, Lemon, Ginger"
795,2023-01-10,Vadapav,Fastfood,20,3,180,Cash,Mr.,Evening,"Potato, Bun, Garlic Chutney, Green Chilli, Oil"
796,2022-06-25,Sugarcane juice,Beverages,25,22,350,Online,Mr.,Night,"Sugarcane, Lemon, Ginger"
797,2022-11-26,Cold coffee,Beverages,40,11,440,Cash,Mr.,Night,"Flour, Oil, Spices, Seasoning"
798,2022-05-22,Frankie,Fastfood,50,12,600,,Mr.,Night,"Flour, Oil, Spices, Seasoning"
799,2023-01-11,Panipuri,Fastfood,20,1,20,Online,Mrs.,Night,"Flour, Oil, Spices, Seasoning"
800,2022-11-06,Cold coffee,Beverages,40,14,560,Cash,Mr.,Night,"Flour, Oil, Spices, Seasoning"
801,2022-04-28,Aalopuri,Fastfood,20,7,140,Cash,Mrs.,Evening,"Potato, Flour, Spices, Oil"
802,2023-01-23,Sandwich,Fastfood,60,7,420,Online,Mrs.,Afternoon,"Bread, Butter, Lettuce, Tomato, Cheese, Mayonnaise"
803,2022-08-27,Vadapav,Fastfood,20,10,100,,Mr.,Night,"Potato, Bun, Garlic Chutney, Green Chilli, Oil"
804,2022-10-11,Cold coffee,Beverages,40,12,480,Online,Mrs.,Night,"Flour, Oil, Spices, Seasoning"
805,2022-05-08,Sugarcane juice,Beverages,25,9,25,Online,Mr.,Afternoon,"Sugarcane, Lemon, Ginger"
806,2022-05-23,Vadapav,Fastfood,20,3,60,Online,Mr.,Evening,"Potato, Bun, Garlic Chutney, Green Chilli, Oil"
807,2022-06-13,Frankie,Fastfood,50,1,50,Online,Mrs.,Midnight,"Flour, Oil, Spices, Seasoning"
808,2022-09-21,Panipuri,Fastfood,20,1,20,Online,Mr.,Morning,"Flour, Oil, Spices, Seasoning"
809,2022-12-12,Panipuri,Fastfood,20,10,200,Online,Mr.,Evening,"Flour, Oil, Spices, Seasoning"
810,2022-12-27,Vadapav,Fastfood,20,1,60,Online,Mr.,Morning,"Potato, Bun, Garlic Chutney, Green Chilli, Oil"
811,2023-03-02,Aalopuri,Fastfood,20,13,260,Cash,Mr.,Afternoon,"Potato, Flour, Spices, Oil"
812,2022-08-08,Panipuri,Fastfood,20,5,100,Cash,Mr.,Afternoon,"Flour, Oil, Spices, Seasoning"
813,2022-10-13,Panipuri,Fastfood,20,10,200,Online,Mr.,Afternoon,"Flour, Oil, Spices, Seasoning"
814,2022-10-05,Vadapav,Fastfood,20,13,260,Cash,Mrs.,Midnight,"Potato, Bun, Garlic Chutney, Green Chilli, Oil"
815,2022-04-20,Cold coffee,Beverages,40,12,480,Online,Mrs.,Afternoon,"Flour, Oil, Spices, Seasoning"
816,2023-01-11,Sugarcane juice,Beverages,25,20,275,Cash,Mr.,Morning,"Sugarcane, Lemon, Ginger"
817,2022-05-21,Aalopuri,Fastfood,20,12,240,Cash,Mrs.,Evening,"Potato, Flour, Spices, Oil"
818,2023-02-28,Frankie,Fastfood,50,6,300,Cash,Mr.,Night,"Flour, Oil, Spices, Seasoning"
819,2022-10-12,Vadapav,Fastfood,20,10,200,Cash,Mr.,Evening,"Potato, Bun, Garlic Chutney, Green Chilli, Oil"
820,2023-02-24,Aalopuri,Fastfood,20,1,60,,Mr.,Midnight,"Potato, Flour, Spices, Oil"
821,2022-07-24,Aalopuri,Fastfood,20,19,240,Cash,Mrs.,Midnight,"Potato, Flour, Spices, Oil"
822,2022-06-17,Panipuri,Fastfood,20,12,240,Online,Mr.,Morning,"Flour, Oil, Spices, Seasoning"
823,2023-02-13,Panipuri,Fastfood,20,11,220,Online,Mr.,Midnight,"Flour, Oil, Spices, Seasoning"
824,2023-01-18,Vadapav,Fastfood,20,1,40,Online,Mrs.,Evening,"Potato, Bun, Garlic Chutney, Green Chilli, Oil"
825,2022-10-30,Panipuri,Fastfood,20,14,280,Cash,Mrs.,Morning,"Flour, Oil, Spices, Seasoning"
826,2022-12-02,Sandwich,Fastfood,60,15,900,Cash,Mrs.,Night,"Bread, Butter, Lettuce, Tomato, Cheese, Mayonnaise"
827,2023-01-06,Sandwich,Fastfood,60,12,720,Cash,Mr.,Midnight,"Bread, Butter, Lettuce, Tomato, Cheese, Mayonnaise"
828,2022-08-18,Panipuri,Fastfood,20,6,120,Cash,Mr.,Evening,"Flour, Oil, Spices, Seasoning"
829,2022-09-19,Cold coffee,Beverages,40,6,240,Cash,Mr.,Night,"Flour, Oil, Spices, Seasoning"
830,2022-11-28,Cold coffee,Beverages,40,9,360,,Mr.,Night,"Flour, Oil, Spices, Seasoning"
831,2022-08-01,Frankie,Fastfood,50,5,250,Online,Mrs.,Morning,"Flour, Oil, Spices, Seasoning"
832,2022-06-06,Sugarcane juice,Beverages,25,16,100,Cash,Mr.,Morning,"Sugarcane, Lemon, Ginger"
833,2022-09-01,Panipuri,Fastfood,20,2,40,Online,Mrs.,Evening,"Flour, Oil, Spices, Seasoning"
834,2022-05-25,Sugarcane juice,Beverages,25,29,350,Cash,Mr.,Evening,"Sugarcane, Lemon, Ginger"
835,2022-09-27,Sugarcane juice,Beverages,25,1,175,Online,Mr.,Afternoon,"Sugarcane, Lemon, Ginger"
836,2022-08-31,Vadapav,Fastfood,20,11,40,Cash,Mrs.,Midnight,"Potato, Bun, Garlic Chutney, Green Chilli, Oil"
837,2022-05-19,Aalopuri,Fastfood,20,7,140,Cash,Mr.,Midnight,"Potato, Flour, Spices, Oil"
838,2022-07-31,Cold coffee,Beverages,40,9,360,Online,Mrs.,Morning,"Flour, Oil, Spices, Seasoning"
839,2022-05-08,Sugarcane juice,Beverages,25,19,100,Cash,Mrs.,Afternoon,"Sugarcane, Lemon, Ginger"
840,2023-02-18,Cold coffee,Beverages,40,15,600,,Mrs.,Midnight,"Flour, Oil, Spices, Seasoning"
841,2023-02-03,Vadapav,Fastfood,20,6,180,Cash,Mr.,Night,"Potato, Bun, Garlic Chutney, Green Chilli, Oil"
842,2022-05-25,Panipuri,Fastfood,20,2,40,Cash,Mrs.,Evening,"Flour, Oil, Spices, Seasoning"
843,2022-07-04,Sugarcane juice,Beverages,25,15,25,Cash,Mrs.,Morning,"Sugarcane, Lemon, Ginger"
844,2022-05-04,Sugarcane juice,Beverages,25,25,325,Cash,Mr.,Morning,"Sugarcane, Lemon, Ginger"
845,2022-07-01,Cold coffee,Beverages,40,6,240,Online,Mrs.,Evening,"Flour, Oil, Spices, Seasoning"
846,2022-04-20,Aalopuri,Fastfood,20,5,100,Online,Mr.,Afternoon,"Potato, Flour, Spices, Oil"
847,2022-08-14,Panipuri,Fastfood,20,11,220,Online,Mr.,Midnight,"Flour, Oil, Spices, Seasoning"
848,2022-11-10,Frankie,Fastfood,50,9,450,Cash,Mr.,Night,"Flour, Oil, Spices, Seasoning"
849,2022-11-03,Cold coffee,Beverages,40,10,400,Cash,Mrs.,Night,"Flour, Oil, Spices, Seasoning"
850,2022-08-20,Vadapav,Fastfood,20,11,60,Online,Mrs.,Afternoon,"Potato, Bun, Garlic Chutney, Green Chilli, Oil"
851,2023-01-28,Aalopuri,Fastfood,20,11,300,Online,Mrs.,Night,"Potato, Flour, Spices, Oil"
852,2022-05-05,Sugarcane juice,Beverages,25,14,200,Online,Mr.,Night,"Sugarcane, Lemon, Ginger"
853,2023-02-17,Cold coffee,Beverages,40,3,120,Online,Mrs.,Midnight,"Flour, Oil, Spices, Seasoning"
854,2022-10-14,Cold coffee,Beverages,40,14,560,Online,Mrs.,Night,"Flour, Oil, Spices, Seasoning"
855,2022-10-23,Vadapav,Fastfood,20,5,100,Online,Mr.,Evening,"Potato, Bun, Garlic Chutney, Green Chilli, Oil"
856,2022-05-04,Aalopuri,Fastfood,20,11,220,Cash,Mrs.,Night,"Potato, Flour, Spices, Oil"
857,2022-11-08,Sugarcane juice,Beverages,25,14,350,Online,Mrs.,Evening,"Sugarcane, Lemon, Ginger"
858,2022-11-22,Cold coffee,Beverages,40,9,360,Cash,Mr.,Evening,"Flour, Oil, Spices, Seasoning"
859,2022-10-08,Sandwich,Fastfood,60,11,660,Cash,Mrs.,Midnight,"Bread, Butter, Lettuce, Tomato, Cheese, Mayonnaise"
860,2022-07-16,Cold coffee,Beverages,40,5,200,Cash,Mr.,Night,"Flour, Oil, Spices, Seasoning"
861,2023-01-24,Sugarcane juice,Beverages,25,17,200,Cash,Mrs.,Night,"Sugarcane, Lemon, Ginger"
862,2023-03-10,Frankie,Fastfood,50,7,350,Online,Mr.,Night,"Flour, Oil, Spices, Seasoning"
863,2022-09-08,Frankie,Fastfood,50,9,450,Online,Mr.,Night,"Flour, Oil, Spices, Seasoning"
864,2022-08-20,Cold coffee,Beverages,40,9,360,Online,Mr.,Morning,"Flour, Oil, Spices, Seasoning"
865,2023-01-23,Sugarcane juice,Beverages,25,16,150,Cash,Mrs.,Night,"Sugarcane, Lemon, Ginger"
866,2022-08-13,Frankie,Fastfood,50,10,500,Online,Mr.,Midnight,"Flour, Oil, Spices, Seasoning"
867,2023-01-26,Frankie,Fastfood,50,15,750,Cash,Mr.,Midnight,"Flour, Oil, Spices, Seasoning"
868,2022-08-17,Aalopuri,Fastfood,20,18,260,Cash,Mrs.,Evening,"Potato, Flour, Spices, Oil"
869,2022-06-26,Panipuri,Fastfood,20,9,180,Online,Mr.,Midnight,"Flour, Oil, Spices, Seasoning"
870,2022-10-31,Cold coffee,Beverages,40,5,200,Online,Mrs.,Afternoon,"Flour, Oil, Spices, Seasoning"
871,2022-12-07,Vadapav,Fastfood,20,8,280,,Mrs.,Evening,"Potato, Bun, Garlic Chutney, Green Chilli, Oil"
872,2022-07-14,Sandwich,Fastfood,60,12,720,Cash,Mr.,Afternoon,"Bread, Butter, Lettuce, Tomato, Cheese, Mayonnaise"
873,2022-05-09,Sugarcane juice,Beverages,25,14,25,Online,Mr.,Night,"Sugarcane, Lemon, Ginger"
874,2022-05-09,Cold coffee,Beverages,40,4,160,Cash,Mr.,Midnight,"Flour, Oil, Spices, Seasoning"
875,2022-08-05,Vadapav,Fastfood,20,21,300,Cash,Mr.,Evening,"Potato, Bun, Garlic Chutney, Green Chilli, Oil"
876,2022-06-10,Cold coffee,Beverages,40,8,320,Online,Mrs.,Evening,"Flour, Oil, Spices, Seasoning"
877,2022-10-27,Sugarcane juice,Beverages,25,5,350,Cash,Mrs.,Afternoon,"Sugarcane, Lemon, Ginger"
878,2022-08-12,Sandwich,Fastfood,60,6,360,Online,Mr.,Evening,"Bread, Butter, Lettuce, Tomato, Cheese, Mayonnaise"
879,2022-11-06,Cold coffee,Beverages,40,9,360,Cash,Mrs.,Evening,"Flour, Oil, Spices, Seasoning"
880,2022-06-25,Sugarcane juice,Beverages,25,16,125,Cash,Mrs.,Morning,"Sugarcane, Lemon, Ginger"
881,2022-05-25,Sandwich,Fastfood,60,2,120,Cash,Mr.,Midnight,"Bread, Butter, Lettuce, Tomato, Cheese, Mayonnaise"
882,2022-04-23,Panipuri,Fastfood,20,9,180,Online,Mr.,Morning,"Flour, Oil, Spices, Seasoning"
883,2022-08-24,Aalopuri,Fastfood,20,12,100,Online,Mrs.,Midnight,"Potato, Flour, Spices, Oil"
884,2023-03-01,Vadapav,Fastfood,20,12,240,Online,Mr.,Night,"Potato, Bun, Garlic Chutney, Green Chilli, Oil"
885,2022-10-16,Sugarcane juice,Beverages,25,1,100,Cash,Mr.,Evening,"Sugarcane, Lemon, Ginger"
886,2022-07-21,Sugarcane juice,Beverages,25,12,100,Cash,Mrs.,Night,"Sugarcane, Lemon, Ginger"
887,2022-10-24,Aalopuri,Fastfood,20,3,60,Cash,Mr.,Morning,"Potato, Flour, Spices, Oil"
888,2022-09-05,Vadapav,Fastfood,20,8,160,Cash,Mr.,Evening,"Potato, Bun, Garlic Chutney, Green Chilli, Oil"
889,2022-04-12,Vadapav,Fastfood,20,10,200,Online,Mr.,Midnight,"Potato, Bun, Garlic Chutney, Green Chilli, Oil"
890,2023-03-03,Sugarcane juice,Beverages,25,5,125,Cash,Mrs.,Morning,"Sugarcane, Lemon, Ginger"
891,2022-12-27,Cold coffee,Beverages,40,11,440,Cash,Mr.,Midnight,"Flour, Oil, Spices, Seasoning"
892,2022-07-14,Sugarcane juice,Beverages,25,20,175,Online,Mrs.,Evening,"Sugarcane, Lemon, Ginger"
893,2022-07-13,Sugarcane juice,Beverages,25,24,300,Cash,Mrs.,Afternoon,"Sugarcane, Lemon, Ginger"
894,2023-03-19,Sandwich,Fastfood,60,15,900,Cash,Mr.,Morning,"Bread, Butter, Lettuce, Tomato, Cheese, Mayonnaise"
895,2023-01-03,Sugarcane juice,Beverages,25,21,275,Cash,Mr.,Afternoon,"Sugarcane, Lemon, Ginger"
896,2022-10-30,Aalopuri,Fastfood,20,13,260,Cash,Mr.,Night,"Potato, Flour, Spices, Oil"
897,2022-08-22,Aalopuri,Fastfood,20,14,120,Online,Mr.,Morning,"Potato, Flour, Spices, Oil"
898,2023-03-02,Frankie,Fastfood,50,8,400,Cash,Mr.,Afternoon,"Flour, Oil, Spices, Seasoning"
899,2023-01-24,Aalopuri,Fastfood,20,4,140,Cash,Mr.,Midnight,"Potato, Flour, Spices, Oil"
900,2022-12-07,Sugarcane juice,Beverages,25,18,225,Online,Mr.,Afternoon,"Sugarcane, Lemon, Ginger"
901,2022-12-24,Vadapav,Fastfood,20,4,140,Online,Mrs.,Morning,"Potato, Bun, Garlic Chutney, Green Chilli, Oil"
902,2022-11-23,Frankie,Fastfood,50,4,200,Online,Mr.,Afternoon,"Flour, Oil, Spices, Seasoning"
903,2023-01-01,Aalopuri,Fastfood,20,10,300,Online,Mr.,Night,"Potato, Flour, Spices, Oil"
904,2023-03-12,Aalopuri,Fastfood,20,4,80,Cash,Mrs.,Midnight,"Potato, Flour, Spices, Oil"
905,2022-12-13,Frankie,Fastfood,50,15,750,Cash,Mrs.,Midnight,"Flour, Oil, Spices, Seasoning"
906,2022-04-04,Sandwich,Fastfood,60,15,900,Cash,Mr.,Afternoon,"Bread, Butter, Lettuce, Tomato, Cheese, Mayonnaise"
907,2022-10-19,Cold coffee,Beverages,40,4,160,,Mrs.,Midnight,"Flour, Oil, Spices, Seasoning"
908,2023-03-06,Sandwich,Fastfood,60,7,420,Cash,Mrs.,Night,"Bread, Butter, Lettuce, Tomato, Cheese, Mayonnaise"
909,2023-02-21,Cold coffee,Beverages,40,12,480,Online,Mrs.,Morning,"Flour, Oil, Spices, Seasoning"
910,2022-10-09,Panipuri,Fastfood,20,1,20,Cash,Mrs.,Afternoon,"Flour, Oil, Spices, Seasoning"
911,2022-04-09,Sandwich,Fastfood,60,1,60,Cash,Mr.,Evening,"Bread, Butter, Lettuce, Tomato, Cheese, Mayonnaise"
912,2022-09-17,Aalopuri,Fastfood,20,6,120,Cash,Mr.,Evening,"Potato, Flour, Spices, Oil"
913,2023-02-15,Frankie,Fastfood,50,15,750,Online,Mr.,Evening,"Flour, Oil, Spices, Seasoning"
914,2023-03-01,Sandwich,Fastfood,60,14,840,Cash,Mr.,Night,"Bread, Butter, Lettuce, Tomato, Cheese, Mayonnaise"
915,2022-10-07,Cold coffee,Beverages,40,7,280,Online,Mr.,Afternoon,"Flour, Oil, Spices, Seasoning"
916,2022-11-17,Cold coffee,Beverages,40,15,600,,Mrs.,Afternoon,"Flour, Oil, Spices, Seasoning"
917,2022-05-15,Vadapav,Fastfood,20,15,300,Online,Mr.,Evening,"Potato, Bun, Garlic Chutney, Green Chilli, Oil"
918,2022-11-12,Panipuri,Fastfood,20,6,120,Cash,Mr.,Evening,"Flour, Oil, Spices, Seasoning"
919,2023-01-03,Vadapav,Fastfood,20,3,160,Online,Mrs.,Evening,"Potato, Bun, Garlic Chutney, Green Chilli, Oil"
920,2022-07-12,Frankie,Fastfood,50,13,650,Online,Mr.,Evening,"Flour, Oil, Spices, Seasoning"
921,2022-09-21,Vadapav,Fastfood,20,14,280,Cash,Mr.,Midnight,"Potato, Bun, Garlic Chutney, Green Chilli, Oil"
922,2022-06-13,Frankie,Fastfood,50,5,250,Online,Mrs.,Evening,"Flour, Oil, Spices, Seasoning"
923,2022-05-30,Cold coffee,Beverages,40,3,120,Online,Mr.,Morning,"Flour, Oil, Spices, Seasoning"
924,2022-12-17,Panipuri,Fastfood,20,14,280,Cash,Mr.,Afternoon,"Flour, Oil, Spices, Seasoning"
925,2022-04-10,Frankie,Fastfood,50,4,200,Online,Mrs.,Afternoon,"Flour, Oil, Spices, Seasoning"
926,2023-02-27,Frankie,Fastfood,50,15,750,Cash,Mrs.,Afternoon,"Flour, Oil, Spices, Seasoning"
927,2022-12-02,Cold coffee,Beverages,40,6,240,,Mrs.,Evening,"Flour, Oil, Spices, Seasoning"
928,2022-04-07,Sandwich,Fastfood,60,11,660,Online,Mr.,Evening,"Bread, Butter, Lettuce, Tomato, Cheese, Mayonnaise"
929,2022-06-06,Frankie,Fastfood,50,9,450,Online,Mrs.,Night,"Flour, Oil, Spices, Seasoning"
930,2022-11-27,Sugarcane juice,Beverages,25,10,250,Online,Mr.,Night,"Sugarcane, Lemon, Ginger"
931,2022-06-26,Aalopuri,Fastfood,20,20,300,Cash,Mr.,Afternoon,"Potato, Flour, Spices, Oil"
932,2022-10-18,Sandwich,Fastfood,60,9,540,Online,Mr.,Afternoon,"Bread, Butter, Lettuce, Tomato, Cheese, Mayonnaise"
933,2023-01-21,Sugarcane juice,Beverages,25,25,375,Online,Mrs.,Afternoon,"Sugarcane, Lemon, Ginger"
934,2022-09-19,Cold coffee,Beverages,40,4,160,Cash,Mrs.,Afternoon,"Flour, Oil, Spices, Seasoning"
935,2023-02-17,Sandwich,Fastfood,60,12,720,Cash,Mr.,Midnight,"Bread, Butter, Lettuce, Tomato, Cheese, Mayonnaise"
936,2022-08-10,Panipuri,Fastfood,20,2,40,,Mr.,Midnight,"Flour, Oil, Spices, Seasoning"
937,2022-06-22,Panipuri,Fastfood,20,4,80,Cash,Mr.,Night,"Flour, Oil, Spices, Seasoning"
938,2022-08-10,Sugarcane juice,Beverages,25,2,350,Cash,Mr.,Evening,"Sugarcane, Lemon, Ginger"
939,2023-02-19,Vadapav,Fastfood,20,9,300,Online,Mr.,Midnight,"Potato, Bun, Garlic Chutney, Green Chilli, Oil"
940,2023-02-07,Sugarcane juice,Beverages,25,24,350,Online,Mrs.,Midnight,"Sugarcane, Lemon, Ginger"
941,2023-02-10,Cold coffee,Beverages,40,10,400,Online,Mrs.,Morning,"Flour, Oil, Spices, Seasoning"
942,2022-07-20,Frankie,Fastfood,50,6,300,Cash,Mr.,Night,"Flour, Oil, Spices, Seasoning"
943,2022-06-30,Vadapav,Fastfood,20,15,120,Cash,Mrs.,Night,"Potato, Bun, Garlic Chutney, Green Chilli, Oil"
944,2022-05-12,Aalopuri,Fastfood,20,2,40,Cash,Mr.,Midnight,"Potato, Flour, Spices, Oil"
945,2022-05-15,Cold coffee,Beverages,40,2,80,Online,Mrs.,Afternoon,"Flour, Oil, Spices, Seasoning"
946,2023-02-21,Sandwich,Fastfood,60,8,480,Cash,Mr.,Midnight,"Bread, Butter, Lettuce, Tomato, Cheese, Mayonnaise"
947,2022-08-16,Aalopuri,Fastfood,20,18,220,Online,Mr.,Night,"Potato, Flour, Spices, Oil"
948,2023-01-16,Sandwich,Fastfood,60,10,600,Online,Mr.,Evening,"Bread, Butter, Lettuce, Tomato, Cheese, Mayonnaise"
949,2023-01-07,Panipuri,Fastfood,20,1,20,Cash,Mrs.,Evening,"Flour, Oil, Spices, Seasoning"
950,2022-09-25,Frankie,Fastfood,50,6,300,Online,Mrs.,Evening,"Flour, Oil, Spices, Seasoning"
951,2022-11-11,Panipuri,Fastfood,20,11,220,Cash,Mrs.,Afternoon,"Flour, Oil, Spices, Seasoning"
952,2022-09-24,Aalopuri,Fastfood,20,14,280,Cash,Mrs.,Evening,"Potato, Flour, Spices, Oil"
953,2022-11-10,Sandwich,Fastfood,60,2,120,Online,Mrs.,Afternoon,"Bread, Butter, Lettuce, Tomato, Cheese, Mayonnaise"
954,2023-01-31,Aalopuri,Fastfood,20,1,60,Cash,Mrs.,Midnight,"Potato, Flour, Spices, Oil"
955,2023-01-27,Sugarcane juice,Beverages,25,14,175,Online,Mr.,Afternoon,"Sugarcane, Lemon, Ginger"
956,2022-04-30,Frankie,Fastfood,50,13,650,Online,Mr.,Morning,"Flour, Oil, Spices, Seasoning"
957,2023-02-08,Panipuri,Fastfood,20,3,60,Online,Mrs.,Midnight,"Flour, Oil, Spices, Seasoning"
958,2022-05-22,Sandwich,Fastfood,60,11,660,Online,Mrs.,Night,"Bread, Butter, Lettuce, Tomato, Cheese, Mayonnaise"
959,2022-11-28,Vadapav,Fastfood,20,8,160,Online,Mrs.,Midnight,"Potato, Bun, Garlic Chutney, Green Chilli, Oil"
960,2022-08-12,Sugarcane juice,Beverages,25,9,375,Online,Mrs.,Evening,"Sugarcane, Lemon, Ginger"
961,2023-03-14,Frankie,Fastfood,50,13,650,Cash,Mr.,Night,"Flour, Oil, Spices, Seasoning"
962,2022-05-18,Frankie,Fastfood,50,13,650,Online,Mrs.,Afternoon,"Flour, Oil, Spices, Seasoning"
963,2022-10-05,Vadapav,Fastfood,20,6,120,Cash,Mrs.,Morning,"Potato, Bun, Garlic Chutney, Green Chilli, Oil"
964,2022-05-07,Cold coffee,Beverages,40,8,320,Cash,Mr.,Evening,"Flour, Oil, Spices, Seasoning"
965,2022-10-08,Frankie,Fastfood,50,5,250,Online,Mrs.,Night,"Flour, Oil, Spices, Seasoning"
966,2023-03-19,Panipuri,Fastfood,20,11,220,Online,Mrs.,Morning,"Flour, Oil, Spices, Seasoning"
967,2022-06-29,Cold coffee,Beverages,40,14,560,Cash,Mr.,Afternoon,"Flour, Oil, Spices, Seasoning"
968,2022-08-09,Cold coffee,Beverages,40,15,600,Cash,Mrs.,Morning,"Flour, Oil, Spices, Seasoning"
969,2022-11-06,Cold coffee,Beverages,40,11,440,Cash,Mr.,Morning,"Flour, Oil, Spices, Seasoning"
970,2022-11-21,Aalopuri,Fastfood,20,5,100,Online,Mrs.,Afternoon,"Potato, Flour, Spices, Oil"
971,2022-10-02,Frankie,Fastfood,50,2,100,Cash,Mrs.,Morning,"Flour, Oil, Spices, Seasoning"
972,2023-03-11,Aalopuri,Fastfood,20,1,20,Cash,Mrs.,Afternoon,"Potato, Flour, Spices, Oil"
973,2022-06-07,Sugarcane juice,Beverages,25,6,25,,Mrs.,Morning,"Sugarcane, Lemon, Ginger"
974,2023-01-28,Vadapav,Fastfood,20,8,260,Online,Mr.,Afternoon,"Potato, Bun, Garlic Chutney, Green Chilli, Oil"
975,2023-01-15,Aalopuri,Fastfood,20,1,20,Cash,Mr.,Midnight,"Potato, Flour, Spices, Oil"
976,2022-04-17,Sugarcane juice,Beverages,25,11,275,,Mrs.,Morning,"Sugarcane, Lemon, Ginger"
977,2023-01-05,Aalopuri,Fastfood,20,1,20,Cash,Mr.,Evening,"Potato, Flour, Spices, Oil"
978,2022-10-08,Frankie,Fastfood,50,2,100,Online,Mr.,Night,"Flour, Oil, Spices, Seasoning"
979,2022-05-21,Aalopuri,Fastfood,20,13,260,Cash,Mrs.,Midnight,"Potato, Flour, Spices, Oil"
980,2022-06-20,Vadapav,Fastfood,20,18,180,Online,Mr.,Morning,"Potato, Bun, Garlic Chutney, Green Chilli, Oil"
981,2023-01-22,Panipuri,Fastfood,20,15,300,Online,Mr.,Midnight,"Flour, Oil, Spices, Seasoning"
982,2023-03-30,Sugarcane juice,Beverages,25,14,350,Cash,Mrs.,Night,"Sugarcane, Lemon, Ginger"
983,2023-03-17,Cold coffee,Beverages,40,10,400,,Mrs.,Night,"Flour, Oil, Spices, Seasoning"
984,2023-01-07,Frankie,Fastfood,50,3,150,Cash,Mr.,Afternoon,"Flour, Oil, Spices, Seasoning"
985,2022-06-14,Frankie,Fastfood,50,1,50,Cash,Mrs.,Afternoon,"Flour, Oil, Spices, Seasoning"
986,2022-04-30,Sugarcane juice,Beverages,25,13,325,Online,Mr.,Night,"Sugarcane, Lemon, Ginger"
987,2023-01-04,Vadapav,Fastfood,20,1,60,Cash,Mrs.,Evening,"Potato, Bun, Garlic Chutney, Green Chilli, Oil"
988,2023-01-03,Frankie,Fastfood,50,13,650,,Mrs.,Night,"Flour, Oil, Spices, Seasoning"
989,2022-10-11,Cold coffee,Beverages,40,13,520,Cash,Mr.,Afternoon,"Flour, Oil, Spices, Seasoning"
990,2022-11-24,Vadapav,Fastfood,20,10,200,Online,Mrs.,Morning,"Potato, Bun, Garlic Chutney, Green Chilli, Oil"
991,2023-01-18,Sandwich,Fastfood,60,7,420,Cash,Mrs.,Night,"Bread, Butter, Lettuce, Tomato, Cheese, Mayonnaise"
992,2022-10-21,Sandwich,Fastfood,60,5,300,Cash,Mr.,Morning,"Bread, Butter, Lettuce, Tomato, Cheese, Mayonnaise"
993,2022-07-17,Frankie,Fastfood,50,3,150,Online,Mrs.,Night,"Flour, Oil, Spices, Seasoning"
994,2022-11-01,Panipuri,Fastfood,20,2,40,Online,Mrs.,Evening,"Flour, Oil, Spices, Seasoning"
995,2022-06-18,Sugarcane juice,Beverages,25,15,25,Online,Mr.,Night,"Sugarcane, Lemon, Ginger"
996,2023-03-19,Frankie,Fastfood,50,10,500,,Mrs.,Evening,"Flour, Oil, Spices, Seasoning"
997,2022-09-20,Sandwich,Fastfood,60,7,420,,Mr.,Evening,"Bread, Butter, Lettuce, Tomato, Cheese, Mayonnaise"
998,2023-01-26,Sandwich,Fastfood,60,13,780,,Mr.,Evening,"Bread, Butter, Lettuce, Tomato, Cheese, Mayonnaise"
999,2022-08-27,Panipuri,Fastfood,20,5,100,,Mrs.,Afternoon,"Flour, Oil, Spices, Seasoning"
1000,2022-05-29,Aalopuri,Fastfood,20,3,60,Online,Mrs.,Midnight,"Potato, Flour, Spices, Oil"
